text,food_name,opinion,,,Source,Link
ปูอบวุ้นเส้น (500฿) -- มีเฉพาะปูไซส์นี้ในวันที่ไปค่ะ ตอนพนักงานยกมาเสิร์ฟ ก็แอบกรี๊ดกร๊าดกับตัวเองเบาๆ ว่าน่ากินมากๆๆๆ วุ้นเส้นสีอ่อนๆ แต่รสชาติกลมกล่อมกำลังดีมากๆ ไม่ต้องราดน้ำจิ้มอะไรเพิ่มเลยค่ะ ปูนี่ก็สมราคามากๆ ตัวใหญ่ ก้ามใหญ่ เนื้อแน่น สด หวาน อร่อยค่ะ อร่อยมากๆ,ปูอบวุ้นเส้น,pos,,,อบอร่อย,https://www.wongnai.com/restaurants/obaroi-tit?_st=cD0zO2I9MzQ3NTthZD1mYWxzZTt0PTE1MjMyNDE1NzA2MTA7aT04MjdkNmE5ZC1hZmExLTRhYTgtOWFjOS0yM2NjMGVmNzU0Yjc7d3JlZj1zcjs%3D
หอยเชลล์เผาอบเนย (140฿) -- เป็นเมนูโปรดประจำตัวค่ะ ร้านไหนมีต้องขอสั่ง ของร้านนี้ได้เป็นหอยเชลล์ตัวอวบๆ มา 8 ตัว หอยเชลล์สด เนื้อเด้ง อบมาหอมเนย หอมกระเทียม ราดน้ำจิ้มซีฟู้ดซักหน่อย อร่อยเด็ดมากๆ,หอยเชลล์อบเนย,pos,,,,
ยอดมะระหวานผัดน้ำมันหอย (65฿) -- จานนี้แอบเสียดายค่ะ เพราะยอดมะระได้ส่วนที่แข็งเยอะไปหน่อย แต่รสชาติผัดผักก็กลมกล่อมกำลังดี,ผัดยอดมะระหวาน,pos,,,,
ข้าวผัดปู (จานเล็ก 90฿) -- ข้าวผัดปูมีปูแทรกเยอะมากๆ คุ้มราคามากมายค่ะ แต่ติดตรงที่ข้าวผัดมาแฉะเกินไปนิดหน่อยและรสหวานนำไปนิดค่ะ,ข้าวผัดปู,neg,,,,
ส้มตำมั่ว (฿70.-) เมนูนี้เป็นของคุณแม่ครับผมไม่ทานเผ็ด ก็เห็นบอกว่าอร่อยดี ถือว่าน่าจะรสชาติใช้ได้เลยแหละครับ,ส้มตำมั่ว,pos,,,,
หอยนางรมสด (฿140.-) ตัวหอยเองก็ดูสดใช้ได้ดีเลยหล่ะครับ แต่ตัวไม่ค่อยอลังมากนัก มีซอสมาให้จิ้มเยอะดีครับ,หอยนางรม,pos,,,,
หอยเชลล์เผาอบเนย (฿140.-) เป็นเมนูปราบเซียนของผมเลย ซึ่งร้านนี้ก็ไม่ได้ว้าวขนาดนั้น หอยเชลล์เผามาแห้งเกินไป เนื้อแตกเลยครับ แบบนี้ไม่โอเคเลย,หอยเชลล์อบเนย,neg,,,,
ข้าวผัดปูใหญ่ (฿180.-) อันนี้รสชาติอร่อยกลมกล่อมอยู่ครับ แต่เปลือกปูเยอะไปหน่อย ทานไปต้องระวังเปลือกปูไป ถ้าแกะดีๆนี่ถือว่าเป็นอีกเมนูที่อร่อยมากเลย,ข้าวผัดปู,pos,,,,
หอยแครงลวก (฿190.-) หอยแครงสีส้มสดใส เสิร์ฟมาพร้อมกับน้ำจิ้ม รสชาติก็ทั่วๆไปครับ วัตถุดิบคุณภาพก็ค่อนข้างดีครับ,หอยแครงลวก,pos,,,,
กุ้งอบวุ้นเส้น (฿260.-) ได้กุ้งตัวใหญ่มาสามตัว กุ้งเนื้อแน่นเด้งมากเลยครับ วุ้นเส้นก็ให้มาเยอะระดับนึง โดยรวมรสชาติก็ใช้ได้เลย เป็นอีกเมนูที่ค่อนข้างถูกใจ,กุ้งอบวุ้นเส้น,pos,,,,
พุดดิ้งมะพร้าวน้ำหอม (฿45.-) ปิดท้ายด้วยของหวาน ถึงหน้าตาจะไม่ได้สวยหรู แต่ก็อร่อยใช้ได้เลยครับ มีรสชาติของมะพร้าวบางๆ ไม่หวานจนเกินไป,พุดดิ้งมะพร้าวน้ำหอม,pos,,,,
น้ำส้มคั้น (฿55.-) จากที่ชมน่าจะเป็นน้ำส้มแท้เลยครับ มีเนื้อส้มมาให้นิดๆหน่อยๆ รสชาติมันหวานไปหน่อย แต่ก็อร่อยถูกปากเลยทีเดียว,น้ำส้มคั้น,pos,,,,
กุ้งอบวุ้นเว้น ถ้ามาร้านนี้ห้ามพลาดเมนูอบวุ้นเส้น ชอบกินกุ้งมากกว่าเพราะไม่ชอบแกะปู กุ้งทะเลตัวใหญ่ กุ้งสดเนื้อแน่นหวาน แกะเปลือกง่าย ปรุงรสมากลมกล่อมกำลังดี แกะเนื้อกุ้งราดน้ำจิ้มซีฟู้ดกินกับวุ้นเส้นเหนียวนุ่ม อร่อย,กุ้งอบวุ้นเส้น,pos,,,,
โป๊ะแตก เมนูโปรดส่วนตัว รสเหมือนต้มยำน้ำใสแต่ใส่พริกแห้งและใบกะเพราเพิ่มลงไป น้ำฅุปจัดจ้านครบรส ใส่เครื่องทะเลเพียบ กุ้งแม่น้ำ ปลาเก๋า หอยแมงภู่ ปลาหมึก สั่งโป๊ะแตกหม้อเดียวได้กินอาหารทะเลครบทุกอย่างเลย,โป๊ะแตก,pos,,,,
กุ้งเผา กุ้งแม่น้ำเผาตัวไม่ใหญ่มาก ราคาไม่แพง สดใช้ได้ กินได้พอให้หายอยากกุ้งเผา,กุ้งเผา,pos,,,,
ข้าวผัดปู จานนี้ก็ทีเด็ด ข้าวผัดปูใส่เนื้อปูเป็นก้อนๆ ผัดใส่เนยหอมๆ บีบมะนาวใส่หน่อย ราดน้ำปลาพริกนิด จบเลย,ข้าวผัดปู,pos,,,,
ข้าวเหนียวมะม่วง เมนูนี้ไม่สั่งไม่ได้ เหมือนมาไม่ถึงอบอร่อย มะม่วงสุกหวานหอมกำลังกินกับข้าวเหนียวมูนนุ่มๆ ข้าวเหนียวมี 2สีให้เลือก แบบธรรมดากับสีเขียวใบเตย สั่งแบบผสมได้ ราคาสูงหน่อยแต่อร่อยจริง มะม่วงหวานตลอดปี แต่ถ้าไม่ใช่หน้ามะม่วงราคาโหดร้ายพอสมควร ให้นิดเดียว,ข้าวเหนียวมะม่วง,pos,,,,
กุ้งอบวุ้นเส้น ปูอบวุ้นเส้น เมนูเด็ด เมนูแนะนำ เป็น signature ของทางร้านก็ว่าได้ ด้วยรสชาติที่กลมกล่อม กุ้ง ปู มาเน้นๆ วุ้นเส้นเหนียวนุ่ม พริกไทยมาเป็นเม็ดๆ แต่ขอเตือนว่ามาถึงอย่าลืมคน เดี๋ยวจะมาบ่นทีหลังว่าจืดเพราะเครื่องอยู่ที่ก้นหม้อนะ!,กุ้งอบวุ้นเส้น,pos,,,,
ผัดผักกระเฉด ผัดยอดมะระ สั่งมา 2 ผัก อร่อยทั้งคู่ ยอดอ่อน ไม่แก่ หน้าตาสวย รสชาติดีค่ะ,ผััดผักกระเฉด,pos,,,,
กุ้งเผา สดจริง เนื้อเด้ง หวานเจี้ยบ น้ำจิ้มซีฟู้ดส์ก็รสชาติดี แซ่บ!!,กุ้งเผา,pos,,,,
ผัดผักกะเฉด อ่อนทุกคำ แต่ให้มาน้อยไปเมื่อเทียบกับราคา,ผัดผักกระเฉด,neg,,,,
กุ้งอบวุ้นเส้น: เฟลกับจานนี้ เพราะแฉะชุ่มน้ำมันมาก แต่กุ้งตัวใหญ่ค่ะ,กุ้งอบวุ้นเส้น,neg,,,,
ข้าวผัดปู : เนื้อปูแน่นๆ ผัดมาแห้งกำลังดี,ข้าวผัดปู,pos,,,,
ปลาหมึกทอดกระเทียม: รสชาติดีเลยค่ะ ไม่อมน้ำมัน,หมึกทอดกระเทียม,pos,,,,
ส้มตำข้าวโพดไข่เค็ม: รสชาติติดหวานไปหน่อย ข้าวโพดมาแบบเป็นแผงเลยค่ะ,ส้มตำข้าวโพดไข่เค็ม,neg,,,,
ส้มตำปูม้า: ปูม้าสด ไม่เหม็นคาว,ส้มตำปูม้า,pos,,,,
ผักยอดมะระน้ำมันหอย: รสชาติ กลมกล่อม อร่อย ผักไม่แข็งค่ะ,ผัดยอดมะระหวาน,pos,,,,
ต้มยำกุ้งน้ำข้น รสชาติเข้มข้นมากๆ เผ็ดกำลังดี มาพร้อมกับกุ้งตัวใหญ่ๆ 3-4 ตัว ชอบมากครับ เมนูนี้ อร่อย,ต้มยำกุ้ง,pos,,,,
กุ้งอบวุ้นเส้น กุ้งตัวใหญ่ๆสามตัว ใส่มาในหม้ออบ ติดแค่วุ้นเส้นยังไม่เข้มข้นสักเท่าไหร่ และด้านล่างก็ใช้เป็นมันหมูล้วนๆ ถ้าเป็นสามชั้นจะยอดเยี่ยมมาก,กุ้งอบวุ้นเส้น,neg,,,,
ส่วนข้าวผัด ผัดผักบุ้ง ปลาทอด รสชาติปกติครับ,"ข้าวผัด, ผัดผักบุ้ง, ปลาทอด",pos,,,,
กุ้งอบวุ้นเส้น ที่เส้นนุ่มมากรสชาติดี กุ้งตัวขนาดกำลังดี มาหลายตัว ถือเป็นเมนูเด็ดที่ชอบมากครับ,กุ้งอบวุ้นเส้น,pos,,,,
หอยเชลล์อบเนย อบได้รสชาติดีมากนุ่มกรุบจริงๆ,หอยเชลล์อบเนย,pos,,,,
กุ้งอบวุ้นเส้น 260.- วุ้นเส้นเหนียวนุ่ม กุ้งตัวใหญ่ 3 ตัว หอมเครื่องเทศ อร่อยดีค่ะ,กุ้งอบวุ้นเส้น,pos,,,,
กุ้งเผา 1 กิโล 800.- มีกุ้งมา 8 ตัว เจอไม่สดไป 2 ตัว เนื้อยุ่ยมาเชียว (ยุ่ยแบบเนื้อติดเปลือก) 2 ใน 8 ก็ถือว่าเยอะอยู่นะ,กุ้งเผา,neg,,,,
ปูม้านึ่งจานใหญ่ 750.- ปูสดดี แกะเนื้อมาให้พร้อมกิน ดีงามค่ะ,ปูม้านึ่ง,pos,,,,
ปลาหมึกทอดกระเทียม รสชาติโอเค แต่อมน้ำมันอีกแล้ว,ปลาหมึกทอดกระเทียม,neg,,,,
ข้าวเหนียวมะม่วง 140.- ตอนสั่งข้าวเหนียวสีเขียวหมด อดกินเลย จานนี้ถือว่าเด็ดจริงๆ ข้าวเหนียวมูนน้ำกะทิ มันหอมหวานอร่อย มะม่วงรสชาติกำลังดี,ข้าวเหนียวมะม่วง,pos,,,,
ปลากระพงทอดน้ำปลายำมะม่วง (220)ทอดมาได้กำลังดี กรอบนอกนุ่มใน ยำมะม่วงอร่อยดีค่ะ,ปลากระพงทอดน้ำปลายำมะม่วง,pos,,,,
ยอดมะระผัด (80) ก้านใหญ่อ่อนไม่เหนียว แต่ถ้ามาคราวหน้าว่าจะลองกะเฉดไฟแดงแทน ดูน่ากินเหมือนกัน,ยอดมะระผัด,pos,,,,
ปูอบวุ้นเส้น (280) ถ้ามาร้านนี้แล้วไม่สั่งกุ้งหรือปูอบวุ้นเส้น ก็เหมือนไม่ได้มารู้จักรสชาติ original ของร้านใช่มะ จานนี้ประทับใจมากกกค่ะ วุ้นเส้นอร่อย น้ำซึมเข้าเนื้อพอดีมากๆ ปูก็คลุกน้ำซอสมาได้รสชาติกำลังดี ได้ปูมา 1 ตัว เนื้อสดอร่อยดี ไม่แปลกใจที่ร้านนี้จะมีจุดเริ่มต้นจากจานนี้ อร่อยจริงๆ,ปูอบวุ้นเส้น,pos,,,,
สุดท้าย ข้าวเหนียวมะม่วง (70) สั่งมาจานเล็กด้วยความอิ่มแต่ก็ยังกินกันเกลี้ยง อร่อยค่ะ ข้าวเหนียวหอมๆอุ่นๆ โรยถั่วทอดกะทิมาอย่างอร่อยเลย มะม่วงหวานฉ่ำ แต่น้อยไปหน่อยนะจานนี้,ข้าวเหนียวมะม่วง,pos,,,,
"วันนี้ได้มีโอกาสมาทานหลายเมนู ตั้งแต่"" ปลากะพงเผา"" เบาๆ สุกกำลังดี รสชาติไม่คาวทานกับน้ำจิ้มทะเลเด็ดเผ็ดอร่อย ""กุ้งเผา"" อีกเมนูถูกใจสดอร่อย ขนาดกลางๆ กำลังทานเลย","ปลากะพงเผา, กุ้งเผา",pos,,,,
"""ต้มยำโป๊ะแตก"" มาแซ่บๆ จัดเต็มหม้อกับ กุ้ง ปลาหมึกปลาและหอย ปิดท้ายด้วย ""ปูอบวุ้นเส้น"" ชอบในรสชาติของวุ้นเส้นร้านนี้เป็นอย่างมากกลมกล่อมเส้นนุ่มดี ทางร้านเจ้าหน้าที่ก็บริการรวดเร็วมีทั้งห้องแอร์และด้านนอก","ต้มยำโป๊ะแตก, ปูอบวุ้นเส้น",pos,,,,
จานแรกหอยเชล์ลอบเนย จานนี้เย็นไปนิด เหมือนทำไว้แล้วตักใส่จานคะ แต่หอยก้อสดดีนะคะ,หอยเชล์ลอบเนย,neg,,,,
จานที่สอง กุ้งอบวุ้นเส้น ได้ยินชื่อเสียงมานานแล้ว ว่าร้านนี้เค้าอร่อย ไม่ผิดหวังคะ มาแล้วต้องสั่งนะคะ เส้นภายนอกอาจจะดูสีจืดๆ แต่พอทานแล้วรสชาติเค้าคลุกเคล้าได้กลมกล่อมดีคะ ก้อเลยสั่ง ปูอบวุ้นเส้นมาเบิ้ลอีกจาน ก้ออร่อยไม่แพ้กุ้งอบวุ้นเส้นเลยคะ,"กุ้งอบวุ้นเส้น, ปูอบวุ้นเส้น",pos,,,,
ปลาหมึกผัดพริกเผา จานนี้ก้อเป็นอีกจานที่อร่อยคะ ปลาหมึกสด เอามาผัดพริกเผา รสชาติจัดจานดีคะ ทานกับข้าวผัดปู อร่อยกำลังดีเลยคะ,"ปลาหมึกผัดพริกเผา, ข้าวผัดปู",pos,,,,
ผัดผักกระเฉด ผักอ่อนดีคะ อร่อยคะ แต่ให้น้อยมากกกก ไม่สมราคาคะ,ผัดผักกระเฉด,neg,,,,
เมนูสุดท้าย ของหวานตบท้าย คือ ข้าวเหนียวมะม่วง อร่อยมั๊กมากๆๆคะ มะม่วงหวานนน ข้าวเหนียวนุ่มๆหอมๆ ถึงกับต้องสั่งเบิ้ลเลยคะ แบบว่าติดใจคะ มาแล้วต้องสั่งนะคะ ถ้าค่ำๆอาจจะหมดก่อนด้วยนะคะ พนักงานบอกคะ,ข้าวเหนียวมะม่วง,pos,,,,
กุ้งอบวุ้นเส้น260.- กุ้งอบวุ้นเส้นร้านนี้ปรุงรสมากลมกล่อมจริงๆ รสชาติถูกใจมากๆๆ ไม่ใส่ซีอิ้วดำเยอะๆมาให้รำคาญใจ แค่ปรุงใส่น้ำมันงา ซีอิ้วดำนิดหน่อยก็อร่อยแล้ว กุ้งใส่มา4ตัว ขนาดกุ้งค่อนข้างใหญ่ เนื้อแน่น แนะนำจริงๆคะสำหรับอาหารจานนี้,กุ้งอบวุ้นเส้น,pos,,,,
"ปูอบวุ้นเส้น 380.- อร่อยกับกุ้งอบวุ้นเส้น และยังคงอยากทานอีก เลยสั่งเป็นปู ปูทะเล ราคาเริ่มต้นในเมนู350.- แต่วันนี้ขาย380,450และ5xxกว่า เราเลือกขนาดเล็กสุด เพราะแค่อยากลองชิมดู ปูสดๆๆมาก รสชาติวุ้นเส้นก็อร่อยเป๊ะเหมือนเดิม Tip: สามารถเพิ่มวุ้นเส้น+20บาท อร่อยสุดคุ้ม (ขอบคุณuser:Aomamm สำหรับคำแนะนำ)",ปูอบวุ้นเส้น,pos,,,,
ข้าวผัดปู 80.- ข้าวผัดร้านนี้มี3ขนาด สั่งจานเล็กมาทานแบ่งๆกันกำลังงาม ชอบที่ข้าวผัดผัดมาร่วนๆดี ชิ้นปูก็ใหญ่น่าทานและมีปริมาณเยอะเพียงพอกับแบ่งกันทาน,ข้าวผัดปู,pos,,,,
ต้มยำหัวปลาหม้อไฟ 260.- หัวปลาที่ร้านใช้ปลาเก๋า ถือว่าค่อนข้างดี ปลาสดพอใช้ ให้ปลาค่อนข้างเยอะ น้ำซุปมีทั้งซุปใสและซุปข้น เราเลือกใสๆแบบโป๊ะแตก รสชาติเผ็ด/เปรี้ยว จี๊ดจ๊าด ถูกใจมาก อีกอย่างที่ชอบคือเห็ดฝาง ที่ใส่มาปริมาณค่อนข้างเยอะคะ,ต้มยำหัวปลาหม้อไฟ,pos,,,,
ปูม้านึ่ง 325.- ปูม้านึ่ง1ตัว แบ่งส่วนปู และทุบก้ามมาให้เพื่อความง่ายในการทาน ไข่ปูในกระดองน่าทานมาก ถือว่าใช้ได้ในหน้าตา แต่รสชาติเนื้อปูค่อนข้างจืด ไม่หวานสด แม้เนื้อปูจะสดก็ตาม ถ้าไม่คิดมากก็ถือว่าราคาพอรับได้ กับจำนวนปู1ตัว,ปูม้านึ่ง,pos,,,,
ข้าวเหนียวมะม่วง 140.- แม้จะอิ่มกันมากมายนัก แต่ก็ยังขอมีพื้นที่เล็กๆในท้องเพื่อใส่ของหวาน โดยข้าวเหนียวมีทั้งข้าวเหนียวขาวและข้าวเหนียวสีเขียว(ใบเตย) ข้าวเหนียวนุ่ม อร่อยถูกใจเชียว มีขอน้ำกะทิไว้ราดเพิ่มด้วย ส่วนมะม่วงก็ปลอกกันสดๆ วันนี้เป็นน้ำดอกไม้นะ 1ลูก หั่นเป็นชิ้นๆๆให้พอดีทาน ไม่แปลกใจเลยว่าเมนูนี้ หากไม่ได้ทานถือว่ามาไม่ถึงร้านอบอร่อย^^,ข้าวเหนียวมะม่วง,pos,,,,
"ปูอบวุ้นเส้น (M =300, L=500) (5*) หากชอบทานปูแนะนำให้สั่ง L เลยค่ะ จานนี้อร่อยค่ะปูดูออกมาโอเคเป็นตัวๆที่มีขนาดโอเคกว่าราคาที่ตั้งไว้ คุณภาพปูโอเคนะค่ะ ชอบรสชาติของจานนี้ด้วย วุ้นเส้นก็นิ่มมาก ทานเพลินให้มาอีกก็สั่งอีก ไม่ผิดหวัง",ปูอบวุ้นเส้น,pos,,,,
กุ้งอบวุ้นเส้น (200+) จำราคาไม่ได้แม่นๆแต่ว่า กุ้งเขาก็ตัวขนาดโอเคนะค่ะดูสมราคา เนื่องจากชอบรสชาติอบหม้อดิน ก็จะเหมือนกับปูอะค่ะ อร่อยดี,กุ้งอบวุ้นเส้น,pos,,,,
ผักกระเฉดไฟแดง (80) ผัดสดกรอบดีค่ะ ผัดออกมาได้เขียวน่าทาน รสชาติเผ็ดร้อนเข้มข้น จานนี้ก็ทานเพลินค่ะ,ผักกระเฉดไฟแดง,pos,,,,
ข้าวผัดปู จานใหญ่ 160B ผัดมาข้าวเป็นเม็ดๆ ผัดมาไม่แฉะ ปูเขาก็มาประมาณนึง ไม่ได้เป็นก้อนๆ แต่รสชาติดีค่ะ แค่บีบมะนาวเพิ่มนิดนึงก็อร่อยแล้ว,ข้าวผัดปู,pos,,,,
ปลาเก๋าผัดคึ่นฉ่าย 240B เมนูโปรดของเรา แต่เราว่าครั้งนี้เขาผัดมาอ่อนไปหน่อย ต้องแอบเอาน้ำจิ้มซีฟู้ดใส่ไปหน่อย ปลาสดดีค่ะ ผัดมากับ ต้มหอม หอมใหญ่,ปลาเก๋าผัดคึ่นฉ่าย,pos,,,,
หอยแมลงภู่อบ 85B เหมือนครั้งนี้ น้อยลงนิดๆ แต่ถ้าเทียบกับราคาเราก็โอเคอยู่ค่ะ หอยเขาตัวกลางๆ เราชอบประมาณนี้มากกว่าตัวใหญ่ๆ,หอยแมลงภู่อบ,pos,,,,
ปลาหมึกทอดกระเทียม 160B ชอบเมนูเขาตลอด ปลาหมึกเขาตัวใหญ่ชิ้นใหญ่ๆ กินจนเมื่อยกราม เสริฟมากับซอสพริก เราชอบเมนูนี้เขา เขาทอดมาแห้งๆดี,ปลาหมึกทอดกระเทียม,pos,,,,
กุ้งอบวุ้นเส้น 260B มาแล้วไม่สั่งเมนูนี้ได้ไง กุ้งตัวใหญ่ ได้มา 3 ตัวใหญ่ วุ้นเส้นหน้อยไปหน่อย กินนิดๆ วุ้นเส้นหมดแล้ว น่าจะมีพิเศษเพิ่มวุ้นเส้น,กุ้งอบวุ้นเส้น,neg,,,,
เริ่มด้วย กุ้งเผา ครึ่งโล ราคา 400 บาท เสริฟมา 4 ตัว ตัวไม่ใหญ่มาก กลิ่นหอมยวนใจมากคะ แกะสิรอไร อิอิ ไม่รีรอ ขอบอกว่าสด เนื้อหวานจริงๆ ทานคู่กับน้ำจิ้มซีฟู้ดที่ทางร้านจัดไว้รสเด็ด,กุ้งเผา,pos,,,,
หอยแครงลวก ราคา 95 บาท เสริฟมาไม่เยอะมาก ใส่่จานธรรมดา หอยลวกกำลังพอดีไม่สุกและไม่เลือดเกิน ไม่มีกลิ่นเหม็นคาว,หอยแครงลวก,pos,,,,
ปลาหมึกนึ่งมะนาว ราคา 160 บาท เสริฟมาเป็นหม้อไฟปลาหมึกตัวใหญ่ๆ แต่หั่นมาแบบว่าชิ้นหนา และตัดไม่ขาด แต่วันนี้เสียดายคะ ไม่ใช่ปลาหมึกไข่ มีแต่ตัวปลาหมึกล้วนๆ วันนี้แอบผิดหวังกับเมนูนี้นิดนึง เพราะว่ารสชาติออกไปทางเค็ม ปกติจะรสชาติเปรี้ยวเผ็ด,ปลาหมึกนึ่งมะนาว,neg,,,,
ปลากระพงทอดน้ำปลา ราคา 290 บาท โอ้โหว เสริฟมาตัวใหญ่ เว่อวัง ทอดมาสีเหลืองนวลน่ากินจริง ๆ ด้านนอกทอดมาได้ดีเลย กรอบ อร่อย ทานคู่กับน้ำจิ้มยำมะม่วงที่ทางร้านเสริฟมาคู่กัน จัดว่าสุดยอด,ปลากระพงทอดน้ำปลา,pos,,,,
ปูอบวุ้นเส้น ราคา 380 บาท เพิ่มวุ้นเส้น 20 บาท นี่เป็นอีกเมนูที่ฟินสำหรับร้านนี้เลยก็ว่าได้ เพราะว่าเส้นวุ้นเส้น ทำออกมาได้ดี นิ่มอร่อย เมื่อคลุกเคล้ารสชาติเข้ากันเป็นอย่างดี,ปูอบวุ้นเส้น,pos,,,,
กุ้งอบวุ้นเส้น ราคา 220 บาท เพิ่มวุ้นเส้น 20 บาท อีกเมนูนึงที่โอเคพอกับปูอบวุ้นเส้น แต่ต่างกันที่ความหอมเท่านั้นเองคะ,กุ้งอบวุ้นเส้น,pos,,,,
ต้มยำปลาเก๋า ราคา260 บาท เสริฟมาเป็นแบบหม้อไฟ ร้อนๆ เลย ให้มาล้นหม้อเลยคะ รสชาติแซ่บเว่อ เปรี้ยวนำ แต่จัดจ้าน อร่อยมากคะเมนูนี้ ยอมเลย ซดเข้าไปนี่บอกเลยว่าหยุดไม่อยู่ ปลาชิ้นใหญ่และสด,ต้มยำปลาเก๋า,pos,,,,
ปูเนื้อผัดพริกไทยดำ​ ขนาด​ 450 บาท​ ได้ปูขนาดกลางๆ​ สด​ เนื้อแน่น​ ทุบและแกะมาให้อย่างดี​ ทานไม่ลำบากจนเกินไป​ รสเข้มข้นทานกับคินัวกำลังดีเลยค่ะ​ ติดที่.. ผัดมาน้ำเยอะไปดูยังกับซุป​ ถ้าผัดมาแห้งๆ​ เหมือน​ Black Pepper Crab ที่สิงคโปร์​ก็จะเยี่ยมมากกว่านี้​ รสชาติ​ถูกใจค่ะ​ ถ้าฃอสไม่เจิ่งนองจะดีกว่านี้,ปูเนื้อผัดพริกไทยดำ,pos,,,,
ข้าวเหนียว​มะม่วง​ 140.- ข้าวเหนียว​มูนขึ้นเม็ดไม่บานไปไม่แข็งไปถูกใจเลย​ กะทิราดก็ข้นเกาะข้าวเหนียวไม่เจิ่งนอง​ ราดสะเต็มที่​ ปรากฏ​ว่าเค็มปี๋สุดๆ​ ทานข้าวเหนียวแทบไม่ได้​ เกลือหกใส่หรืออย่างไร?? เซ็งมากกกค่ะ​ จุดนี้​ ไม่ได้ชิมรสกะทิก่อน​ ซอ​ วอ​ ยอเลย​ มะม่วงหวานดีค่ะ,ข้าวเหนียว​มะม่วง,neg,,,,
ปลาหมึกนึ่งมะนาว (160 บาท) แซ่บ ซี้ดมาก ปลาหมึกสดสุดๆ,ปลาหมึกนึ่งมะนาว,pos,,,,
กุ้งพล่า (160 บาท) อร่อยมาก ได้กุ้งตัวใหญ่ เนื้อกุ้งสดหวาน,กุ้งพล่า,pos,,,,
กุ้งอบวุ้นเส้น (260 บาท) ขาดไม่ได้เลยเมนูนี้ อร่อย หอม กลมกล่อม ได้กุ้งตัวใหญ่ๆ 3 ตัว,กุ้งอบวุ้นเส้น,pos,,,,
หอยแมลงภู่อบ( 85 บาท) ขาดไม่ได้อีกเช่นกันถ้ามาร้านนี้ เมนูนี้แนะนำเลยค่ะ อร่อยถูกปาก ซดไม่เหลือแม้แต่น้ำก้นหม้อ,หอยแมลงภู่อบ,pos,,,,
ปลากะพงทอดน้ำปลา (290บาท เมนูที่เราว่าอร่อยโดดเด่นกว่าร้านอื่นจานนึงเลย คือ เมนูนี้แหละ ถึงจะดูเป็นเมนูประจำชาติซีฟู๊ตหลายๆร้านรสชาติเหมือนกัน แต่นอกจากความสดของปลาและการทอดที่กรอบดี๊ดีแล้ว น้ำปลาที่นี่หอมหวานเค็มกำลังดี จริงๆ,ปลากะพงทอดน้ำปลา,pos,,,,
ต้มยำกุ้ง (280บาท) ต้มยำข้นแซ่บ น้ำซุปรสชาติแน่นมากค่ะ ร้อนๆอร่อยใช้ได้ แต่อาจไม่ขนาดต่างกับร้านอื่นๆมาก กุ้งให้มาเยอะพอสมควรเลย,ต้มยำกุ้ง,pos,,,,
กุ้งเผาครี่งโล (400บาท) เมนูห้ามพลาดดด สดจริงไรจริง กรึบๆนุ่มเหนียว หัวกุ้งมันๆหอมๆ แต่ก่อนเราไม่ค่อยทานกุ้ง มาเริ่มทานก็ตอนมาเจอร้านนี้แหละ น้ำจิ้มก็อร่อยดีด้วย,กุ้งเผาครี่งโล,pos,,,,
หอยเชลล์เผา (140บาท) จานนี้หอยอบหอมเนยใช้ได้ รสชาติมาตรฐานกลางๆ,หอยเชลล์เผา,pos,,,,
ยอดมะระผัดน้ำมันหอย (65บาท) ถ้าอยากทานผักๆหน่อยให้มีกิมมิคนอกจากซีฟู๊ตก็สั่งได้เลย หวานกลมกล่อมน้ำมันหอยดี ดีตามมาตรฐาน,ยอดมะระผัดน้ำมันหอย,pos,,,,
ข้าวเหนียวมะม่วง (140บาท) เมนูที่ใครยืนรอคิวอยู่ต้องแอบมองแน่นอน มะม่วงลูกกลมๆน่าทานกลิ่นหอม รสชาติหวานละมุน ข้าวเหนียวนุ่มๆมี2สี เขียวกับขาว สามารถสั่งพนง.ได้ค่ะ ใครชอบทานข้าวเหนียวมะม่วงลองดู กะทิหอมมันดีทีเดียว,ข้าวเหนียวมะม่วง,pos,,,,
หอยเชลล์เผาอบเนย (140.-) จานนี้สั่งเพราะเห็นคนโพสรูปกันเยอะครับ แต่ผมว่ารสชาติเฉยๆ ครับ ไม่ได้เมพขนาดที่จะต้องสั่งให้ได้ครับ,หอยเชลล์เผาอบเนย,neg,,,,
ปูนึ่ง ครึ่งกิโล ได้ปูมา 1 ตัว ไข่ปูเพียบ ขนาดปูไม่ได้ใหญ่มาก แต่ว่าเค้าจะทุบมาให้เราแกะได้ค่อยข้างง่าย ตัวเนื้อปูสดใช้ได้ครับ,ปูนึ่ง,pos,,,,
กุ้งเผา ครึ่งกิโล (300.-) ขนาดกลางๆ ครับ ครึ่งโลของร้านนี้ก็ประมาณ 3 ตัวครับ,กุ้งเผา,pos,,,,
ข้าวผัดปูที่เล็ก (75.-) จานนี้คือพระเอกของมื้อนี้เลย ผมอ่านจากรีวิวก่อนหน้านี้ เห็นแนะนำข้าวผัดปูกันเยอะ ซึ่งก็ไม่ผิดหวังจริงๆ ครับ เค้าใส่ปูมาเป็นชิ้นใหญ่ๆ แบบไม่งกเลย ไม่มีการใช้วิญญาณปูอย่างร้านอื่น ผัดมาอย่างอร่อยแบบไม่ต้องปรุงเพิ่มก็อร่อยแล้ว ถ้าใส่พริกไทยเข้าไปอีกคงเจ๋งขึ้นอีก ... ​อร่อยไม่อร่อย ผมกินอาหารครบทุกจานแล้ว ยังสั่งข้าวผัดปูมาเพิ่มอีกจานแล้วกัน ฮ่าๆ แนะนำมากครับ!,ข้าวผัดปู,pos,,,,
ข้าวผัดปู เล็ก (80฿) ทานคนเดียวก็อิ่ม แต่ทาน2คนกำลังดี เพราะต้องสั่งหลายอย่าง ข้าวผัดที่นี่อร่อย เนื้อปูจับต้องได้ ไม่ล่องหน,ข้าวผัดปู,pos,,,,
หอยเชลล์เผาอบเนย (140฿) เป็นอีกเมนูโปรด มาละต้องสั่ง หอมเนยอ่อนๆ ทานคู่กับน้ำจิ้มซีฟู้ดของทางร้าน อร่อยแซ่บ,หอยเชลล์เผาอบเนย,pos,,,,
ผัดผักกระเฉด (89฿) เป็นร้านเดียวที่ทานละต้องสั่งทุกครั้วที่มาผักที่นี่อ่อนกรอบสดอร่อยถูกใจ แถมผัดออกมาได้รสชาติดี เผ็ดหน่อยๆ ทานเปล่าๆก็ไม่เลี่ยน ทานกับข้าวก็โอเค,ผัดผักกระเฉด,pos,,,,
กุ้งอบวุ่นเส้น (280฿) เพิ่มวุ้นเส้น (20฿) วุ้นเส้นที่นี่เหนียวนุ่มอร่อย มากี่ทีก็ไม่เคยพอต้องเพิ่มวุ้นทุกรอบ จานนี้อร่อยตรงวุ้นเส้นเนี่ยแหละ มะค่อยสนกุ้งเท่าไหร่ 😂 กุ้งจะมีมา 3 ตัว ใหญ่บ้างเล็กบ้าง ผสมกันไป กุ้งสดใช้ได้ ทานวุ้นเส้นกับน้ำติ้มซีฟู้ด ก็ฟินแล้น,กุ้งอบวุ่นเส้น,pos,,,,
ข้าวผัดปู ปูเยอะ ดีวันนี้ จืดไปหน่อย กุ้งเผา1/2โล เผาสุกกำลังดี,"ข้าวผัดปู, กุ้งเผา",pos,,,,
หอยเชลล์ผัดเนย รสชาติกลมกล่อม แต่บางชิ้นเหนียว อย่าวางไวันาน ไม่งั้นจะแข็ง,หอยเชลล์ผัดเนย,pos,,,,
ไข่เจียวกุ้ง ไม่ค่อยอมน้ำมัน หากุ้งไม่ค่อยเจอ แนะนำว่ารีบทานให้หมดก่อนที่จะเย็น,ไข่เจียวกุ้ง,neg,,,,
ปลากระพงทอดน้ำปลา เนื้อปลาแน่นดี มาร้อนๆ อร่อยมากๆ ราคาไม่แรงด้วย,ปลากระพงทอดน้ำปลา,pos,,,,
ข้าวเหนียวมะม่วง ข้าวเหนียวอร่อยมาก แป๊ปเดียวหมด แต่ตัวมะม่วงไม่ค่อยอร่อย ไม่หวานไม่ฉ่ำ เหมือนจะบ่มมา,ข้าวเหนียวมะม่วง,neg,,,,
กุ้งเผาราคาจะอยู่ประมาณ800฿ ความสดเนื้อแน่น น้ำจิ่มรสชาติดี มากี่ครั้งก็มาฐานเหมือนเดิม อร่อยใช้ได้เลย,กุ้งเผา,pos,,,,
ปูทะเลนึ่ง เผามีหลายราคาให้เลือกตั้งแต่350 380 400 450 500 550เป็นต้น ผมเลือกแบบกิโลละ450ตัวกลางๆ เนื้อแน่นสดหวานดี เท่าที่สุ่มสั่งดูส่วนมาจะดีสดใหม่,ปูทะเลนึ่ง,pos,,,,
ปลาหมึกทอดกระเทียม160 รสชาติใช้ได้,ปลาหมึกทอดกระเทียม,pos,,,,
กุ้งอบวุ้นเส้น520ที่คนชอบกันผมเฉยๆ วุ้นเส้นที่นี่จะออกขาวๆ เคยทานที่อื่นเส้นจะออกสีน้ำตาลๆมีรสชาติที่ตัววุ้นเส้นมากกว่าของที่นี่,กุ้งอบวุ้นเส้น,neg,,,,
ต้มยำปลาเก๋าน้ำใส260 รสจัดถ้าคนชอบรสจัดก็บอกอร่อย ถ้าคนไม่ชอบเผ็ดอาจทานไม่ได้,ต้มยำปลาเก๋าน้ำใส,pos,,,,
ปลากะพงทอดน้ำปลา290ก็กลางๆ บางครั้งทอดอมน้ำมันไปหน่อย,ปลากะพงทอดน้ำปลา,neg,,,,
ข้าวผัดปูจานเล็ก80฿ผัดมาได้ดีมากไม่แฉะ มีเนื้อปูให้มาเยอะเป็นชิ้นใหญ่ๆ ผัดมากับไข่ ข้าวผัดปูที่อร่อยแนะนำให้ลองเลยครับ,ข้าวผัดปู,pos,,,,
ของหวานข้าวเหนียวมะม่วงอร่อยถูกใจมะม่วงหวาน เหมือนทางร้านคัดมาอย่างดี มาลองหลายครั้งก็หวาน ข้าวเหนียวจะเป็นสีเขียว กับขาวนิ่มหอมน้ำกะทิกับถั่วทอง,ข้าวเหนียวมะม่วง,pos,,,,
กุ้งอบวุ้นเส้น ราคา 220 บาท : เสริฟมาเป็นหม้ออบทะเล มีกุ้ง3ตัว (ใหญ่มาก) วุ้นเส้นผัดมากับเครื่องเทศหอมอร่อยมากค่ะ,กุ้งอบวุ้นเส้น,pos,,,,
ปลาหมึกนึ่งมะนาว ราคา 160 บาท : มาเป็นตัวเลยใหญ่ซะใจดี ราดด้วยน้ำจิ้มซีฟู้ด เปรี้ยวเผ็ดครบรส กินละจี๊ดมาก,ปลาหมึกนึ่งมะนาว,pos,,,,
ปลากะพงทอดน้ำปลา ราคา 290 บาท : ปลาเสริฟมาตัวใหญ่ทอดกรอบสามารถกินได้ทั้งก้างเลยราดน้ำจิ้มอร่อยมาก,ปลากะพงทอดน้ำปลา,pos,,,,
ต้มยำรวมมิตร ราคา 280 บาท : หนึ่งหม้อประกอบด้วยปลา กุ้ง ปลาหมึก เห็ด รสชาติเข้มข้นเผ็ดเปรี้ยวกลมกล่อม ซดน้ำร้อนๆโล่งคอมาก,ต้มยำรวมมิตร,pos,,,,
ข้าวผัดปู(ใหญ่) ราคา 160 บาท : ทานได้ประมาณ2-3คนค่ะ ข้าวผัดแห้งดีใส่เนื้อปูก่เยอะพอสมควร,ข้าวผัดปู,pos,,,,
ยอดมะระผัดน้ำมันหอย ราคา 65 บาท : ผักสดกรอบน้ำมัยหอยเค็มหวานกำลังดีกินกับข้าวสวยอร่อยจริงๆ,ยอดมะระผัดน้ำมันหอย,pos,,,,
ต้มยำปลาเก๋า: เนื้อปลาเก๋าชิ้นโตปรุงมาในต้มยำรสแซ่บกำลังดี,ต้มยำปลาเก๋า:,pos,,,,
ข้าวเหนียวมะม่วง: ข้าวเหนียวนึ่งได้สุกกำลังดี ไม่แข็งหรือเละจนเกินไป เป็นของหวานปิดท้ายได้อย่างดี,ข้าวเหนียวมะม่วง,pos,,,,
กุ้งเผาสั่งมาครึ่งโล สี่ร้อยจ้า ก็ตัวใหญ่ใช้ได้ มันกุ้งเยิ้มๆ เนื้อสดเด้งดี,กุ้งเผา,pos,,,,
หมึกทอดกระเทียม จานนี้ไม่ปลื้มเลย เหนียว ขม ไม่อร่อยเลยอ่าา,หมึกทอดกระเทียม,neg,,,,
ข้าวผัดปูผัดมารสชาติโอเค แต่ใส่เนื้อปูน้อย หาแทบไม่เจอเลย,ข้าวผัดปู,pos,,,,
หอยแครงเผา สด อร่อย น่ำจิ้มแซ่บบบ หอยเชลล์อบเนย สั่งกันแทบทุกโต๊ะ ก็พอโค,"หอยแครงเผา, หอยเชลล์อบเนย",pos,,,,
ปลาสำลีเผา หมักเครื่องเทศมาด้วย มีกลิ่นหอมอ่อนๆจากใบเตย ตัวไม่ใหญ่มาก แต่สดค่ะ น้ำจิ้มที่นี่ก็อร่อย ไม่เผ็ดมาก,ปลาสำลีเผา,pos,,,,
กุ้งเผาครึ่งโล 2 ตัว (400 บาท) กุ้งที่นี่ไม่ได้ผ่าครึ่งมาให้นะคะ ต้องแกะเอง มันกุ้งไม่เยิ้มมาก แต่เนื้อกุ้งหวานและสด,กุ้งเผา,pos,,,,
ข้าวผัดปู (80 บาท) ชอบข้าวผัดรสชาติแบบนี้มาก ผัดมาหอมๆ น้ำมันไม่เยิ้ม ให้เนื้อปูเยอะด้วย,ข้าวผัดปู,pos,,,,
ปลากระพงนึ่งมะนาว อร่อยมาก เนื้อปลานุ่ม น้ำซุปกลมกล่อม,ปลากระพงนึ่งมะนาว,pos,,,,
ปูอบวุ้นเส้น ปูตัวใหญ่ เนื้อเยอะ,ปูอบวุ้นเส้น,pos,,,,
ผัดยอดมะระหวาน อร่อยค่ะ ผัดมากำลังดีเลย ข้าวผัดปู อร่อยค่ะ ผัดแห้งดี,"ผัดยอดมะระหวาน, ข้าวผัดปู",pos,,,,
สั่งอาหารแล้วรอไม่นานก็ยกมาเสริฟ ส่วนมากสั่งกุ้งอบวุ้นเส้นกัน อร่อยดีค่ะ กุ้งตัวใหญ่ 3 ตัวทีเดียว กุ้งสด อร่อย จิ้มน้ำจิ้มซีฟู้ด อร่อยมาก,กุ้งอบวุ้นเส้น,pos,,,,
ข้าวผัดปู ได้เนื้อปูเป็นก้อนเลย รสชาติก็อร่อยดี,ข้าวผัดปู,pos,,,,
ปลากระพงทอดน้ำปลา จานนี้ก็สั่งกันเยอะ หลายโต๊ะ ตัวใหญ่เนื้อเยอะ เสริฟมาอลังการมาก สด อร่อย สุดยอด,ปลากระพงทอดน้ำปลา,pos,,,,
ส้มตำไทยไข่เค็ม จานนี้รสไม่จัด แต่ก็อร่อยพอใช้ได้,ส้มตำไทยไข่เค็ม,pos,,,,
"""กุ้งอบวุ้นเส้น"" ตักทานคำแรก ใช้คำว่า ""ตกใจ"" บ๊ะ สมศักดิ์ปูอบมีสะเทือน (ขอกล่าวอ้างอิงชื่อร้านหน่อยนะคะ แหะๆ) รสใก้ลเคียงมาก แต่ก็ไม่แจ่มเท่า แต่กล้าบอกเลยว่ารสคล้ายเลยหละคะ .ถ้าเทียบด้วยราคาตัวเองก็ขอไปทานสมศักดิ์อยู่เหมือนเดิม แต่อย่างน้อยก็ได้ทราบหละคะ ว่ามีร้านที่ทำรสชาติคล้ายๆกันที่นี้ อีกทีนึง รสชาติกุ้งอบวุ้นเส้น หอมเครื่องเทศมากคะ ไม่เป็นเส้นสีดำ ๆ จากซีอิ๋วดำ และน้ำมันหอยเยอะ ๆ ซอสปรุงรสโด่ ๆ เหมือนร้านทั่วๆไป ร้านนี้รสชาติเฉียดสมศักดิ์มาก แต่สมศักดิ์แจ่มกว่า 68.475%",กุ้งอบวุ้นเส้น,neg,,,,
ไม่แน่ใจว่าเป็นเพราะคนเยอะรึเปล่า รสชาดอาหารเปลี่ยนไปพอสมควร ปูอบซ็อส ปูสดดีแต่รสชาดซ็อสไม่กลมกล่อมเหมือนเดิม กุ้งอบวุ้นเส้น กุ้งยังคงความสดดี แต่วุ้นเส้นอบมาแฉะไป ทิ้งไว้สักพักเส้นจะอืดเลย,"ปูอบซ็อส, กุ้งอบวุ้นเส้น",neg,,,,
'ข้าวผัดปูจานเล็ก'' 80 บาท เมนูขายดีประจำร้านที่ใครๆก็ต้องสั่ง ข้าวผัดปูที่ร้านมี 2 ขนาด จานเล็กราคา 80 บาท จานใหญ่ราคา 160 บาท ข้าวผัดมาแห้งดี ไม่แฉะ ปรุงรสชาติดีมาก ที่สำคัญมีเนื้อปูที่มองเห็นเป็นชิ้นๆไม่เหมือนบางร้านที่มีแต่วิญญาณปู,ข้าวผัดปูจานเล็ก,pos,,,,
'กุ้งอบวุ้นเส้น'' 220 บาท วุ้นเส้นเหนียวนุ่มดีมาก หอมกลิ่นกระเทียมพริกไทย มีกุ้ง 3 ตัวขนาดใหญ่ใช้ได้เลย เนื้อกุ้งสดและหวาน จิ้มกับน้ำจิ้มซีฟู้ดอร่อยเข้ากันดีมากค่ะ,กุ้งอบวุ้นเส้น,pos,,,,
'ปลาหมึกย่าง'' 160 บาท เป็นอีก 1 เมนูที่อยากนำเสนอ ปลาหมึกตัวโตๆย่างสุก เนื้อสดหวานกรอบอร่อย จะทานเปล่าๆหรือจิ้มกับน้ำจิ้มซีฟู้ดก็อร่อยไม่แพ้กันค่ะ,ปลาหมึกย่าง,pos,,,,
'ผักกระเฉดไฟแดง'' 60 บาท ถูกใจกับเมนูนี้ ผักกระเฉดส่วนของก้านเน้นๆ ผัดมาได้พอดี กรอบอร่อย ทานกับข้าวสวยร้อนๆ อร่อยสุดๆ,ผักกระเฉดไฟแดง,pos,,,,
'ข้าวเหนียวมะม่วง'' 70 บาท ปิดท้ายด้วยเมนูของหวานอันเลื่องชื่อของร้านค่ะ ถ้าใครมาทานอบอร่อยแล้วไม่สั่งถือว่ามาไม่ถึงนะคะ อย่างที่บอกว่านอกจากของคาวที่อร่อยแทบจะทุกเมนูแล้ว ของหวานของที่นี่ซึ่ก็คือข้าวเหนียวมะม่วงก็ไม่น้อยหน้า เพราะก่อนที่จะเสิร์ฟมาให้ลูกค้าทาน คุณป้าที่อยู่ประจำเคาเตอร์ข้าวเหนียวมะม่วง ตอนปอกเปลือกมะม่วง คุณป้าจะใช้มีดหั่นส่วนปลายของเนื้อมะม่วงเพื่อชิมรสชาติของมะม่วงว่าอร่อยหวานใช้ได้มั้ย ถ้ามะม่วงลูกนั้นเปรี้ยว รสชาติไม่โอเค คุณป้าจะโยนลงตะกร้าทันทีแล้วเลือกลูกใหม่ ปอกใหม่ ชิมใหม่จนกว่าจะได้ลูกที่รสชาติดีแล้วถึงปอกใส่จานค่ะ เป็นไงล่ะค่ะ เจ๋งสุดๆไปเลย เพราะแบบนี้นี่เองราคาถึงค่อนข้างแพงไปนิด ข้าวเหนียวมะม่วงมี 2 ราคา จานเล็ก 70 จานใหญ่ 120 (ไม่แน่ใจ) แต่รับรองถึงราคาจะแพงไปสักหน่อยแต่ได้ทานอร่อยๆไม่ผิดหวังแน่นอนค่ะ ข้าวเหนียวจะมี 2 สี สีขาวกับสีเขียว ส่วนตัวชอบสีเขียว มันได้กลิ่นหอมใบเตย อร่อยเข้ากันมากกับน้ำกะทิและมะม่วงสุก,ข้าวเหนียวมะม่วง,pos,,,,
กุ้งอบวุ้นเส้นนี่ของโปรดเลย หอมพริกไทยดำเข้าเส้นกลมกลืนกับเนื้อกุ้งหนานุ่ม ปลากะพงทอดราดน้ำปลาก้อกรอบนอกนุ่มในกะลังดี น้ำจิ้มอร่อย ข้าวเหนียวมะม่วงก้อหอมหวานดี แต่แพงไปหน่อย ผัดฟักแม้วก้อใช้ได้ครับ,"กุ้งอบวุ้นเส้น, ปลากะพงทอดราดน้ำปลา, ข้าวเหนียวมะม่วง, ผัดฟักแม้ว",pos,,,,
วันนี้สั่ง ปลากะพงทอดน้ำปลา (290 บาท) - ตัวใหญ่เนื้อเยอะแบบนี้ทานที่อื่นคง 400 ทอดมาได้อร่อย รสชาติเข้าเนื้อ ยำมะม่วงที่มาด้วยกันก็อร่อยค่ะ,ปลากะพงทอดน้ำปลา,pos,,,,
ต้มยำปลาเก๋า - ปลาเก๋าเนื้อเยอะมาก ต้มยำแซ่บจริงๆ ใส่พริกเยอะสุดๆ กินแล้วน้ำหูน้ำตาไหล แต่รสชาติดีมากค่ะ,ต้มยำปลาเก๋า,pos,,,,
ข้าวผัดปู - ถึงจะจานใหญ่แต่ก็ข้าวไม่เยอะเท่าไหร่ รสชาติโอเค ใส่เนื้อปูเยอะ,ข้าวผัดปู,pos,,,,
ผัดผักกระเฉด - พริกเยอะอีกแล้ว แซ่บมากเว่อ อร่อยค่ะ มาทั้งโคนมาทั้งยอด,ผัดผักกระเฉด,pos,,,,
กุ้งอบวุ้นเส้น - ของที่นี่ไม่ค่อยใส่ขิงเลยไม่หอม วุ้นเส้นเฉยๆ กุ้งตัวใหญ่สดดี,กุ้งอบวุ้นเส้น,pos,,,,
อบกุ้ง : ขนาดกุ้งที่ได้มา ใหญ่เลยนะครับ อบมาพร้อมวุ้นเส้น ละผัก แต่ผมไม่ค่อยชอบพวกอบอยู่แล้ว เลยกินแค่ไปแค่กุ้ง 555 กุ้งสดดีนะครับ ใช่ได้ๆ,อบกุ้ง,pos,,,,
ยำหอยแครง : เป็นหอยแครงสดๆ มายำครับ รสชาติโอเคเลย นำ้ยำจัดใช่ได้ๆ,ยำหอยแครง,pos,,,,
ผัดผัก : ผมสั่งมา 2 จานครับ ทางร้านผัดได้อร่อยดีครับ ชอบๆๆ,ผัดผัก,pos,,,,
หมึกผัดพริกแกง : อารมณ์แบบหมึกผัดกระเพรา แต่นำ้เยอะๆครับ ผมชอบมากครับ นำ้พริกที่ผัดมา เอาไปคลุกข้าวอร่อยครับ อย่าลืมลองๆ แต่เสียดาย ได้ปลาหมึกมาไม่ค่อยเยอะเท่าไรครับ แนะนำว่าสั่งหมึกย่างมาอีกตัวละเอาไปคลุกครับ,หมึกผัดพริกแกง,pos,,,,
หอยเชลล์อบเนย : จานนี้ผม ชอบมาแต่กินครั้งแรกแล้วครับ เป็นหอยเชลล์บนฝา นำไปอบ เนย พร้อมผักซอย รสชาตินี้หอนเนยเลย เอามาคลุกข้าวอร่อยๆๆ,หอยเชลล์อบเนย,pos,,,,
หมึกย่าง : มีทั่งแบบไข่และไม่ไข่ ผมสั่งแบบธรรมดามาครับ หมึกทั่วไป ไม่เหนียวมาก,หมึกย่าง,pos,,,,
ปลากระพงราดนำ้ปลา : อันนี้สั่งมาสองตัวเลย ขนาดไม่ใหญ่มาก ทอดมากกรอบๆ เลยครับ ใช่ได้ๆ,ปลากระพงราดนำ้ปลา,pos,,,,
หอยแครงเผา : อารมณ์แบบหอยแครงเอาไป ลวกละเอาไปเผา บางตัวยังแบบมีเลือดอยู่เลยครับ บางตัวก็แห้งไปหน่อย,หอยแครงเผา,neg,,,,
ข้าวผัดปู : ร้านทำข้าวผัดได้อร่อยดีครับ ชอบๆ แบบโรงแรมเลย ครับ,ข้าวผัดปู,pos,,,,
ร้านนี้คนเยอะมากๆ. สิ่งที่ไม่ควรพลาดคือ ข้าวเหนียวมะม่วง นะค่ะ ห้ามพลาดเด็ดขาดค่ะ ต่อให้คนเยอะ แต่ พนักงานก็บริการเร็วนะค่ะ,ข้าวเหนียวมะม่วง,pos,,,,
ปลากระพงทอดน้ำปลา ปลาตัวโตทอดกรอบนอกนุ่มในรสชาติเค็มหวานกำลังดีอร่อยมากๆ ทานกับยำมะม่วง ลองแวะไปทานกันดู,ปลากระพงทอดน้ำปลา,pos,,,,
"เราว่าอาหารต่างๆ ก็รสชาติใช้ได้ แต่ไม่ได้โดดเด่นแตกต่างจากร้านอาหารทะเลร้านอื่นเท่าไหร่ ทีเด็ดของร้านอยู่ที่ ""กุ้งอบวุ้นเส้น"" เค้าปรุงรสได้ถึงเครื่องดี วุ้นเส้นก็เหนียวนุ่ม จริงๆ เราชอบกินวุ้นเส้นมากกว่ากุ้งซะอีก",กุ้งอบวุ้นเส้น,pos,,,,
ผัดผัก น้ำซอสอร่อย รสกลางๆ แต่ดูก็รู้แล้วว่าทำน้ำซอสสำเร็จเอาไว้แล้ว ผักเรียงมาสวย ไม่รู้เหมอืนกันว่าทำยังไง แต่โดยรวมแล้วโอเคดี,ผัดผัก,pos,,,,
ยำหอยแครง ลวกหอยมากำลังดี เลือดหอยสุก แต่หอยยังไม่สุกเกินไป ฉ่ำๆเด้ง รสชาติใช้ได้เลย แต่เผ็ดมาก ทานไปซัก 3 4 คำ เผ็ดจนไม่รู้รสไม่รู้กลิ่นอะไรแล้ว หน้าตาอาหารไม่ค่อยน่าทานเท่าไหร่,ยำหอยแครง,neg,,,,
กุ้งอบวุ้นเส้นนี่ดีงามมาก วุ้นเส้นเหนียวนุ่มรสชาดดี กุ้งตัวโตๆสามตัวเบียดเรียงตัวกันมา,กุ้งอบวุ้นเส้น,pos,,,,
ต้มยำปลาเก๋าน้ำใส แซ่บมาก ปลาสดมาก กุ้งสะดุ้ง มช้กุ้งตัวใหญ่ๆ2ตัวย่างมากำลังดีราดน้ำจิ้มซีฟู้ดซี้ดมากกก สั่งเมนูไหนก้ออร่อยทุกเมนู มากี่ครั้งไม่เคยผิดหวังค่ะ,ต้มยำปลาเก๋าน้ำใส,pos,,,,
ผัดยอดมะระไฟแดง จัดเรียงผักสวยงาม น้ำมันหอยรสชาติเข้มข้น ผักกรอบๆ นุ่มๆ รสชาติดี,ผัดยอดมะระไฟแดง,pos,,,,
กุ้งเผา จานเด็ดของที่นี่ ย่างหอม สด สะอาด ตัวโต น้ำจิ้มรสเด็ด,กุ้งเผา,pos,,,,
ต้มยำกุ้ง รสชาติเผ็ดหวานมัน กุ้งตัวไซด์กำลังดี ทานกัยข้าวสวยร้อนๆอร่อยครับ,ต้มยำกุ้ง,pos,,,,
หอยเชลล์อบเนย หอมมันเนยเข้าไปถุงตัวหอยเลยครับตัวไม่หดด้วย อร่อยดี,หอยเชลล์อบเนย,pos,,,,
ปลาหมึกย่าง ปลาหมึกไม่เหนียวรสชาติหวานหอม หนึบๆดีไม่ต้องจิ้มน้ำจิ้มใดๆ,ปลาหมึกย่าง,pos,,,,
ปลากะพงทอดน้ำปลา ปลาทอดกรอบหอม น้ำปลาที่ราดมาซึมเข้าตัวปลา ปลาสดนื้ออน่น เนื้อเยอะ แนะนำครับ,ปลากะพงทอดน้ำปลา,pos,,,,
ข้าวเหนียวมะม่วง เมนฟุของหวานขึ้นชื่อประจำร้าน มะม่วงเสริฟจานไม่ใหญ่มาก มีข้าวเหนียว 2 นีให้เลือก มะม่วงดีหวานหอม ไม่สุกเกินไป,ข้าวเหนียวมะม่วง,pos,,,,
มาทานครั้งแรก เพราะเพื่อนอยากทานข้าวเหนียวมะม่วง สั่งมาให้ลงโต๊ะพร้อมอาหารคาวเลย ข้าวเหนียวรสชาติหอมมันดี มะม่วงน้ำดอกไม้รสชาติอร่อย หวาน เนื้อไม่เละ กำลังเหมาะ ข้าวเหนียว 2 สี อร่อยทั้ง 2 สีคนละแบบ มีถั่วทองโรยมาให้ด้วย สมกับคำร่ำลือในเรื่องข้างเหนียวมะม่วงจริงๆ,ข้าวเหนียวมะม่วง,pos,,,,
-ยอดมะระผัดน้ำมันหอย ⭐️⭐️⭐️ น้ำมันเยิ้มไปนิดนึง,ยอดมะระผัดน้ำมันหอย,pos,,,,
กระพงทอดน้ำปลา ⭐️⭐️⭐️⭐️ อร่อยมาก กรอบกรึ๊ก สั่งแทบทุกโต๊ะ,กระพงทอดน้ำปลา,pos,,,,
กุ้งอบวุ้นเส้น ⭐️⭐️ เคยทานแบบอบนมอร่อยกว่า แต่กุ้งใหญ่มาก,กุ้งอบวุ้นเส้น,pos,,,,
หอยแมลงภู่อบ ⭐️⭐️ ไม่ค่อยถูกปากเท่าไหร่ แต่อบดีมาก หลุดมาทั้งเกสรเลย,หอยแมลงภู่อบ,neg,,,,
ข้าวเหนียวมะม่วง ⭐️⭐️⭐️ ใครชอบข้าวเหนียวแฉะน่าจะถูกใจ แต่มะม่วงหวานดี,ข้าวเหนียวมะม่วง,pos,,,,
ปลากระพงทอดน้ำปลา 290฿ คุณค่าที่คุณคู่ควร ชอบจริงๆ เมนูนี้ รสชาติดี อร่อยทั้งตัวปลา และ น้ำปลา อธิบายให้เข้าถึง คือ ปลาสด ตัวใหญ่ ราคาถูก ทอดดี กรอบนอก นุ่มใน ไม่อมน้ำมัน / ส่วนน้ำปลาที่ราดมาก็หวาน เค็ม กลมกล่อม มีความเค็มแบบกำลังดี กินหมดทั้งตัว ก็ไม่แสบคอ ไม่ต้องตะบี้ตะบันกินน้ำตาม...อร่อยมากกกกอ่ะ,ปลากระพงทอดน้ำปลา,pos,,,,
ต้มยำกุ้ง 280฿ กุ้งแม่น้ำ หัวมีมันคร้าาาา สด เด้ง ดึ้งงงง น้ำอร่อย แซ่บ ถ้าจำไม่ผิด น่าจะได้ 5 - 6 ตัวนะ /ถ้ากินเนื้อหมด เก็บน้ำไว้ แล้วซื้อกุ้ง เห็ด มาต้มกินได้อีกมื้ออ่ะ รสชาติไม่เปลี่ยน อร่อยเหมือนเดิม,ต้มยำกุ้ง,pos,,,,
กุ้งอบวุ้นเส้น 260฿ ได้กุ้ง 3 ตัว ร้านนี้ใช้วุ้นเส้นดีนะ กุ้งอบซ้อส 260฿ ได้กุ้ง 4 ตัว ชอบน้ำซ้อสอร่อยดี,"กุ้งอบวุ้นเส้น, กุ้งอบซ้อส",pos,,,,
โป๊ะแตก 260฿ อร่อย แซ่บ น้ำใสซดคล่องคอ,โป๊ะแตก,pos,,,,
ปลาหมึกทอดกระเทียม 160฿ อร่อย ใช้ได้,ปลาหมึกทอดกระเทียม,pos,,,,
น้องๆดูแลดีมาก อาหารอร่อยทุกเมนู โดยเฉพาะกุ้งเผาตัวโตๆ และข้าวเหนียวมะม่วงที่เป็น signature ของร้านเลย,"กุ้งเผา, ข้าวเหนียวมะม่วง",pos,,,,
ร้านนี้คนแน่นทุกครั้งที่เห็น คนเยอะ แต่ร้านใหญ่มาก ข้าวผัดปูนี่ อร่อยมากกก เป็นจานแนะนำเลยคะ ปลาหมึกย่างมะนาวก็ดี,"ข้าวผัดปู, ปลาหมึกย่างมะนาว",pos,,,,
กุ้งเผาก็อร่อย เป็นอาหารทะเลในเมืองที่อร่อยเลยทีเดียวคะ ข้าวเหนียวมะม่วงก็อร่อยนะ ราคาก็ไม่แพงจนกินไป,"กุ้งเผา, ข้าวเหนียวมะม่วง",pos,,,,
ข้าวผัดปูรสชาติดีแต่ปูน้อยมาก อยากทานเนื้อปูเป็นก้อนๆแนะนำให้ซื้อปูมาและให้แม่บ้านทำให้จะดีกว่า,ข้าวผัดปู,pos,,,,
ของคาวหมดแล้วเมนูของหวานต้องมา ข้าวเหนียวมะม่วงที่นี่เด็ด คุณภาพการคัดเลือกมะม่วงรสชาติดีค่ะ และ ยังมีการเพิ่มเมนูเค้กและไอศครีมเพิ่มเข้ามา ก็คุณภาพอร่อยเช่นกันค่ะ,ข้าวเหนียวมะม่วง,pos,,,,
ข้าวผัดปู อร่อยแห้งๆไม่มีกากปู,ข้าวผัดปู,pos,,,,
ปูอบวุ้นเส้น ปูใหญ่มากค่ะเป็นก้ามหอมวุ้นเส้นให้เยอะดีค่ะ,ปูอบวุ้นเส้น,pos,,,,
ส่วนของหวานมาร้านนี้ต้องสั่งข้าวเหนียวมะม่วงอร่อยมากค่ะหวานมันแต่ให้น้อยไปหน่อย,ข้าวเหนียวมะม่วง,pos,,,,
กลับมากินกี่ครั้งก็ยังอร่อยเหมือนเดิม. วันนี้มาเร็วได้จอดรถแบบสบาย นั่งสบายคนไม่เยอะ อาหารก็ยังอร่อยเหมือนเดิมวันนี้สั่งต้มยำกุ้งตัวใหญ่นะรสแซ่บมากรสชาดจัดจ้านมากเลย แต่วันนี้ปลากระพงทอดน้ำปลา ทอดไม่ค่อยกรอบแต่ก็ยังถือว่าใช้ได้อยู่,"ต้มยำกุ้ง, ปลากระพงทอดน้ำปลา",neg,,,,
มาร้านนี้เพราะว่ามีคนแนะนำให้มากินข้าวเหนียวมะม่วงซึ่งมาแล้วก็ติดใจ ข้าวเหนียวนุ่มนิ่มหอมกำลังดี มะม่วงหวานทุกชิ้น,ข้าวเหนียวมะม่วง,pos,,,,
กับข้าวอย่างอื่นก็อร่อยทุกอย่าง ต้มยำกุ้งกุ้งตัวโตมาก ผัดยอดฟักแม้วก็สดมาก,"ต้มยำกุ้งกุ้ง, ผัดยอดฟักแม้ว",pos,,,,
ร้านนี้เป็นร้านดังที่ตั้งอยู่ย่าน town in town ร้านนี่คนเยอะตลอดเลยแต่ก็มีโต๊ะมากพอสมควร พนักงานเยอะ เลยบริการได้รวดเร็วทันใจดี เมนูเด็ดที่ทุกๆโต๊ะจะต้องสั่งคืออบวุ้นเส้น..ปูสดๆกับวุ้นเส้นที่เหนียวนุ่ม..,ปูอบวุ้นเส้น,pos,,,,
ส่วนตัวชอบหอยแมงภู่อบ..:ซดน้ำที่อบมาอร่อยมากๆ..ข้าวผัดปูก็หอมมาก,"หอยแมงภู่อบ, ข้าวผัดปู",pos,,,,
ปลากระพงทอดน้ำปลา 290฿ อร่อยมากกกคะ ตีวใหญ่ด้วย น้ำจิ้มซีฟู๊ดที่นี่เด็ดสุดๆๆ,ปลากระพงทอดน้ำปลา,pos,,,,
ปลาหมึกทอดกระเทียม 160฿ ชิ้นใหญ่มากกก ไม่เหนียวว หนึบหนับมากกก,ปลาหมึกทอดกระเทียม,pos,,,,
หอยแมลงภู่อบ ลืมราคาคะ แต่สดใช้ได้,หอยแมลงภู่อบ,pos,,,,
กุ้งหมึกผัดผงกะหรี่ด้วยคะ ชี้โต๊ะข้างๆเอา55555,กุ้งหมึกผัดผงกะหรี่,pos,,,,
หอยเชลอบเนยคะ 140฿ อันนี้เฉยๆน้อยหอยตัวเล็กๆไม่มีกลิ่นเนยเลยคะ,หอยเชลอบเนย,neg,,,,
ตบด้วยข้าวเหนียวมะม่วง เมนูสำคัญสุดในร้าน55555มี80/140฿คะ อร่อยมากกกให้กะทิจุใจ,ข้าวเหนียวมะม่วง,pos,,,,
กว่าอาหารจะครบปาไป 2 ชั่วโมง... นานเว่อร์ๆค่ะ มาพูดถึงอาหารมั่ง ผัดฟักแม้ว รสชาติดีค่ะ หอมกระเทียมดี,ผัดฟักแม้ว,pos,,,,
จานต่อมาต้มยำกุ้งน้ำข้น แซ่บเว่อร์ กุ้งตัวโตดี ผ่านค่ะ,ต้มยำกุ้งน้ำข้น,pos,,,,
หอยเชลล์อบเนย แอบเย็นไปนิด รสชาติธรรมดา แต่น้ำจิ้มรสเด็ดดีค่ะ,หอยเชลล์อบเนย,pos,,,,
ข้าวผัดปูก็อร่อย มาจานที่นานที่สุดคือกุ้งอบวุ้นเส้น รอทานจนเหงือกแห้งกันเลยเชียว หมดอารมณ์ รสชาติก็ใช้ได้ค่ะไม่เค็มเกินไป,"ข้าวผัดปู, กุ้งอบวุ้นเส้น",neg,,,,
ตบท้ายด้วยข้าวเหนียวมะม่วงยอดฮิตที่ขึ้นชื่อ ข้าวเหนียวอร่อยมากค่ะ แต่มะม่วงเปรี้ยวไปหน่อย รวมๆรสชาติอาหารดีค่ะ ราคาไม่แพง ติดเรื่องการบริการค่ะ,ข้าวเหนียวมะม่วง,pos,,,,
วันนี้ทานกุ้งเผา ขนาด 8ตัว/โล เผามาสุกไปนิด น้ำหัวกุ้งแห้งไป ต่อด้วย ต้มยำปลาเก๋าน้ำใส อร่อยเปรี้ยวเผ็ดหวานน้ำซุปเข้ากัน เนื้อปลาไม่คาวเลย,"กุ้งเผา, ต้มยำปลาเก๋าน้ำใส",pos,,,,
จากนั้นข้าวผัดปูลงสั่งจานใหญ่แต่ทานได้อิ่มแค่สักคนครึ่งรสมาตรฐาน,ข้าวผัดปู,pos,,,,
แน่นอนที่นี่ต้อง ข้าวเหนียวมะม่วง มูลข้าวราดกะทิมาหวานมันกลมกล่อม มะม่วงสุกเหลืองอร่ามหอมหวาน ยกนิ้วให้ ตบท้ายด้วยไอศครีมน้อยหน่าที่เคลมว่าเนื้อน้อยหน่าเยอะมากแต่ผมว่ายังไม่โดนเท่าไร,"ข้าวเหนียวมะม่วง, ไอศครีมน้อยหน่า",neg,,,,
อาหารทะเลสดแบบคัดมาเลยของทะเลที่กินสั่งได้ทุกอย่างนะ ยกเว้นผัก สั่งผัดผักกะเฉดจานละ89บแพงไม่ว่าถ้าอร่อย ไม่ผ่านรสชาติไม่โอออกเค็มไป,ผัดผักกะเฉด,neg,,,,
ปูอบวุ้นเส้นมีสองราคาตัวเล็ก350ตัวใหญ่500คุ้มนะตัวใหญ่จริง ปลากระพงทอดน้ำปลา290รสชาติดีกลมกล่อม,"ปูอบวุ้นเส้น, ปลากระพงทอดน้ำปลา",pos,,,,
ร้านอาหารทะเลเก่าแก่ โด่งดังมาจากกุ้ง/ปูอบวุ้นเส้น ทานมาหลายสิบปี อร่อยยังไงยังงั้น จุดเด่นของร้านนี้คือ เมนูไม่ต้องเยอะ แต่ทำอร่อยทุกอย่าง อาหารเร็ว,"กุ้งอบวุ้นเส้น, ปูอบวุ้นเส้น",pos,,,,
ปลาหมึกผัดพริกเผา (160.-) ได้เยอะอยู่ครับ แต่เผ็ดมากกกกกกก ปลาหมึกสดใช้ได้ครับ รสชาติกลางๆ ให้ B ครับ,ปลาหมึกผัดพริกเผา,pos,,,,
พล่ากุ้ง (160.-) แพงอ่ะ ได้กุ้ง 2 ตัวเอง รสชาติใช้ได้ครับ จัดจ้านดี แต่ได้น้อยไปนิดครับ ให้ B,พล่ากุ้ง,pos,,,,
ปลากระพงทอดน้ำปลา (290.-) อร่อยดีครับ ทอดได้กรอบ น้ำราดใช้ได้แต่ก็เผ็ดเหมือนเดิมครับ ตัวกลางๆไม่เล็กไม่ใหญ่เกินไป ให้ B ครับ,ปลากระพงทอดน้ำปลา,pos,,,,
กุ้งอบวุ้นเส้น กุ้งแชบ๊วยตัวขนาดย่อม 3 ตัว อร่อยเพิ่มด้วยน้ำจิ้มซีฟู๊ด กุ้งย่าง เนื้อแน่นหวาน มันกุ้งเยิ้ม ราดน้ำจิ้ม อร่อยมาก,กุ้งอบวุ้นเส้น,pos,,,,
ปลากะพงทอดน้ำปลา ปลาสดทอดเหลืองกรอบนอกนุ่มใน ราดด้วยน้ำปลาที่ปรุงเคี่ยวจนหอม ยกให้เป็นพระเอกของมื้อนี้,ปลากะพงทอดน้ำปลา,pos,,,,
ตบท้าย ด้วย ข้าวเหนียวมะม่วง ล้างปาก มะม่วงหวาน ข้าวเหนียวมูลนุ่ม อร่อย อีกเมนู,ข้าวเหนียวมะม่วง,pos,,,,
รีวิวเกี่ยวกับรสชาติสำหรับปูผัดพริกไทยดำรสชาติยังไม่เข้มข้นเข้าเนื้อปูส่วนปูนั้นสดระดับกลางๆ ไม่ใหญ่มากอย่งที่คิด ขาปูไม่อวบเท่าไหร่ เนื้อยังไม่ค่อยหวาน แต่เมนูนี้ไม่ได้เป็นเมนูแนะนำอยู่แล้วนะครับ,ปูผัดพริกไทยดำ,pos,,,,
สำหรับปูอบวุ้นเส้นอันนี้ต้องขอบอกว่าวุ้นเส้นอร่อยจริงครับแต่ปูก็เหมือนเดิมครับ,ปูอบวุ้นเส้น,pos,,,,
ข้าวผัดปูจานใหญ่จานนี้ก็อร่อยครับผัดใต้อร่อยดีแต่ว่าก็สงสัยอยู่ว่าทำไมขายถูกจัง 160 บาทพอเห็นปริมาณก็รู้เลยว่าทำไมขายได้ราคาเท่านี้เนื่องจากเห็นในเมนูเขียนว่าจานใหญ่ แต่ไปกันสองคนต้องสั่งสองจานใหญ่ถึงจะอีกที่จริงอิ่มประมาณหนึ่งจานใหญ่ครึ่งสำหรับสองคน ถ้าไปหลายคนอาจจะต้องหลายจานกว่านี้ ที่จริงทางร้านน่าจะตั้งราคาสูงขึ้นก็ได้แต่เป็นจานใหญ่จริง เดี๋ยวนี้เห็นร้านที่ตั้งราคาให้เหมือนดูถูกเยอะโดยการลดปริมาณ สำหรับผมคิดว่าเอาราคาตามปริมาณที่อิ่มดีกว่า,ข้าวผัดปู,pos,,,,
หอยเชลล์อบเนยตอนแรกก็คิดอยู่ว่าทำไมที่นี่ขายถูกจังพอเห็นขนาดตัว. ก็เลยเข้าใจแล้วว่าทำไมขายถูก รสชาติกลางๆครับ,หอยเชลล์อบเนย,neg,,,,
อาหารทุกเมนูที่สั่งมาอร่อยหมด รสชาติดี ดูมีคุณภาพ ราคาไม่แพง โดยเฉพาะปลากระพงทอดน้ำปลา ตัวใหญ่ กรอบ ร้อน รสชาติกำลังดี 😋,ปลากระพงทอดน้ำปลา,pos,,,,
กระพงทอดน้ำปลา ปลากระพงตัวใหญ่ค่ะ ราคา 290฿ ทอดมาได้กรอบนอกนุ่มใน ทานกับน้ำจิ้มซีฟู้ด คือเลิศ,กระพงทอดน้ำปลา,pos,,,,
ส้มตำไทยใส่กุ้งสุก 120฿ คุ้มนะคะ เพราะกุ้งคุณภาพตัวโตๆ ใส่มาในส้มตำไทยรสชาติดี,ส้มตำไทยใส่กุ้งสุก,pos,,,,
ผัดผักบุ้ง 50฿ เมนูธรรมดา แต่ก็อร่อยรสชาติดีค่ะ,ผัดผักบุ้ง,pos,,,,
กุ้งอบวุ้นเส้น 260฿ กุ้งตัวโตๆเนื้อแน่น มีความสดรสชาติวุ้นเส้นก็อร่อยค่ะ ทานละก็สมกับที่เป็นเมนูแนะนำ,กุ้งอบวุ้นเส้น,pos,,,,
ผัดยอดฟักแม้ว // อันนี้เป็นเมนูโปรดของคุณแฟนที่ไปที่ไหนก็ต้องสั่ง และร้านนี้ก็ทำออกมาได้ดีมากด้วย น้ำผัดรสชาติเข้มข้น คลุกกินกับข้าวเปล่าๆ ก็ยังอร่อยอ่ะ,ผัดยอดฟักแม้ว,pos,,,,
โป๊ะแตก // มาเป็นแบบหม้อไฟเลย มีกุ้งตัวใหญ่ๆ มา 3 ตัว หอยอีก 3 และเนื้อปลาอีก 3 ชิ้นใหญ่ น้ำซุปอร่อย กล่มกล่อม เปรี้ยวกำลังดี ซดทีมีซี้ดด,โป๊ะแตก,pos,,,,
ปลากระพงทอดน้ำปลา // ปลาตัวใหญ่มากกกกก แล้วเนื้อแน่นด้วยไง รสชาติออกหวานนิดๆ ด้วย (อันนี้คือไม่เข้าใจเหมือนกันว่าปลากระพงทอดน้ำปลาแต่ทำไมมีรสหวาน),ปลากระพงทอดน้ำปลา,pos,,,,
ผัดฝักแม้ว เมนูธรรมดาแต่พอกินแล้วมันไม่จืดชืดแอบเผ็ดนิดๆกลิ่นน้ำมันหอยหน่อยๆ แต่เราว่าผักมันแก่ไปนิด หรือว่ามโนไปเอง,ผัดฝักแม้ว,neg,,,,
กุ้งอบวุ้นเส้น กุ้งตัวเบิ้มมาก วุ้นเส้นนิดหน่อยหรือว่ามันไม่อืด แถมให้กุ้งหลายตัวด้วยนะ คือรสชาติดีงามมากกลมกล่อมกำลังพอดี,กุ้งอบวุ้นเส้น,pos,,,,
เมนูที่เราชอบคือ ปลาหมึกย่าง เราว่าปลาหมึกตัวโตดีคะ ย่างกำลังดี กรุบๆ ทานกับน้ำจิ้มซีฟู้ด ฟิน,ปลาหมึกย่าง,pos,,,,
ที่ลืมไม่ได้ ข้าวเหนียวมะม่วง ข้าวเหนียวมูนอร่อย มะม่วงก็รสชาติดีเปรี้ยวหวาน ติดใจ,ข้าวเหนียวมะม่วง,pos,,,,
หอยแครงลวก หอยสด ตัวกำลังดี ทานกับน้ำจิ้ม อร่อยดี กุ้งอบวุ้นเส้น ก็อร่อยดีนะคะ,หอยแครงลวก,pos,,,,
คุณภาพอาหารดีมาก สด ใหม่ อาหารแนะนำที่ห้ามพลาดคือ ปลากระพงทอดราดน้ำปลา ปลาทอดมากรอบมากก ทานได้ทั้งตัว,ปลากระพงทอดราดน้ำปลา,pos,,,,
เพื่อนๆนัดทานข้าวกันที่ร้านนี้ ที่นี่มาถึงต้องสั่ง เมนู กุ้งอบวุ้นเส้น เมนูแนะนำของทางร้าน ที่รสชาติจัดได้ว่าเด็ดมาก,กุ้งอบวุ้นเส้น,pos,,,,
ที่พลาดไม่ได้เลย คือ ข้าวเหนียวมะม่วง ที่นี่ เด็ดมาก ข้าวเหนียวนุ่ม น้ำกะทิ หวานไม่มาก ข้น มัน รสชาติละมุนลิ้นเลยทีเดียว,ข้าวเหนียวมะม่วง,pos,,,,
เมนูเด็ดเค้าคือกุ้งอบวุ้นเส้น ปูอบวุ้นเส้น วันนี้เราลองกุ้งอบดูนะ ตอนแรกตกใจทำไมเส้นมาขาวๆ กินไปเกือบหมด เพิ่งเห็นใต้ก้นหม้อดิน มีเครื่องปรุงหนาแน่น,กุ้งอบวุ้นเส้น,pos,,,,
กุ้งอบวุ้นเส้นในตำนานอร่อยมาก ตอนแรกมาเห็นเส้นใสๆไม่เข้าเนื้อคิดว่าไม่อร่อย แต่มันอร่อยมากใส่กุ้งทะเลตัวใหญ่ๆ ลงตัวสุดๆ คนหละหม้อยังได้,กุ้งอบวุ้นเส้น,pos,,,,
เมนูที่ชอบที่สุดคือข้าวผัดปูที่ผัดได้หวานอร่อย และยังมีปูเป็นก้อนๆ ข้าวผัดมี 2 ไซส์ ไซส์ใหญ่กินได้ 2-3 คน,ข้าวผัดปู,pos,,,,
และที่ขาดไม่ได้อีกอย่างก็คือกุ้งแม่น้ำเผา กุ้งใหญ่ๆ 8-10 ตัว/โล ในราคา 600 บาท เกินคุ้มครับ!! ไม่ต้องเดินทางไกลไปชานเมือง แต่สามารถได้กินกุ้งสด หัวมันๆ กินกันจนมึนเมาเลยทีเดียว,กุ้งแม่น้ำเผา,pos,,,,
ตบท้ายด้วยข้าวเหนียวมะม่วง ข่างเป็นมื้อที่เยี่ยมและหนักพุง แต่รับรองราคาไม่หนักอย่างที่คิด,ข้าวเหนียวมะม่วง,pos,,,,
แต่ที่พลาดไม่ได้คือ ตบท้ายอาหารมื้อนี้ด้วยข้าวเหนียวมะม่วงนะคะ อร่อยมาก ข้าวนิ่มใส่กะทิพอหอมไม่เยอะมาก มะม่วงก็หวาน ฟินสุดๆๆๆค่ะ,ข้าวเหนียวมะม่วง,pos,,,,
ปลากะพงทอดน้ำปลา : จานนี้เด็ดจริง กินไป 2ตัวเลย อิ่มมากกก แต่อร่อยมากจริงๆ,ปลากะพงทอดน้ำปลา,pos,,,,
กุ้งอบวุ้นเส้น : หอมมากกก กุ้งเนื้อแน่นๆหลายตัวเลย,กุ้งอบวุ้นเส้น,pos,,,,
ข้าวผัดปู : จานนี้ไม่ผ่าน ไม่ชอบ กลิ่นแปลกๆ,ข้าวผัดปู,neg,,,,
ข้าวเหนียวมะม่วง : ก็ดีค่ะ แต่น้อยอ่ะ แพงด้วย ร้อยกว่าบาท ... ไม่ถึงกับ อื้อหือ! อร่อย อะไรขนาดนั้น,ข้าวเหนียวมะม่วง,pos,,,,
ร้านนี้คนรีวิวเยอะมากแล้ว วันนี้จึงขอแนะนำ จานเด็ดที่มาแล้วต้องสั่งนะครับ จานแรกข้าวผัดปูครับ หรือจะเรียกว่าปูผัดข้าวก่ได้นะครับเพราะเนื้อปูเยอะจริงๆ และเป็นปูก้อนไม่ใช่เศษปูนะครับ,ข้าวผัดปู,pos,,,,
จานต่อมากุ้งอบวุ้นเส้นครับ ไปทีไรสั่งคนละหม้อเลยครับ ไม่ใช่น้อยนะครับ แต่อร่อยจนสั่งหม้อเดียวอาจมีศึกแย่งชิง 555,กุ้งอบวุ้นเส้น,pos,,,,
ปลาสำลีเผาเป็นอีกจานทีแนะนำครับ เผามาร้อนๆหอมกลิ่นเครื่องสมุนไพร จานนี้แทะจนแทบไม่เหลือกระดูก เมนูอื่นๆอร่อยๆ มีอีกเยอะครับ ราคาถือว่าไม่แพงเทียบกับคุณภาพอาหาร,ปลาสำลีเผา,pos,,,,
ตบท้ายด้วย ข้าวเหนียวมะม่วงครับ มะม่วงน่าจะคัดมาครับ และหวานทุกจาน เหมือนมีชิมมาก่อน ไม่หวานไม่เสิร์ฟ โอ้ รีวิวเอง หิวเองซะแล้ว 5555,ข้าวเหนียวมะม่วง,pos,,,,
ข้าวผัดปู (75 / 150 บาท) สูตรเฉพาะของทางร้านคัดเนื้อปูสดๆ เนื้อแน่นๆ กับข้าวหอมมะลินำมาผัด อร่อยแท้,ข้าวผัดปู,pos,,,,
แล้วของหวานห้ามพลาดเมนูข้าวเหนียวมะม่วง เสิร์ฟด้วยข้าวเหนียวสองสี ด้วยมะม่วงลูกโตๆ หวานฉ่ำ แนะนำเลยค่ะ,ข้าวเหนียวมะม่วง,pos,,,,
อย่างเมนู Signature ที่นี่วรัญชอบมากคือ กุ้งอบวุ้นเส้น (วุ้นเส้นอบมากำลังดี เหนียวนุ่มฝุดๆ ส่วนกุ้งก็ตัวใหญ่ดี 190 บาทเท่านั้น),กุ้งอบวุ้นเส้น,pos,,,,
กุ้งเผา ขายเป็นโล ครึ่งโล ตัวใหญ่ดีค่ะมีมันด้วย ทางร้านเผาได้พอเหมาะมากไม่แห้งเกินไป 300 กว่าบาท เริ่ดมากจ้า!!!,กุ้งเผา,pos,,,,
ส่วนเมนูของหวานสุดเลิฟ สุดฟิน ข้าวเหนียวมะม่วงของร้านนี้ ข้าวเหนียวเค้าอร่อยมากนึ่ง หวานกำลังดี ส่วนมะม่วงก็หวานใช้ได้ (แล้วแต่ฤดูกาลด้วย บางทีไปก็แอบเปรี้ยวหน่อยนึง) ราดด้วยน้ำกระทิ หอม หวานชอบมว้ากก...พูดเลยจ้า!!!,ข้าวเหนียวมะม่วง,pos,,,,
เราสั่งปลากระพงทอดน้ำปลามา อร่อย กรอบดีค่ะ ตัวใหญ่เนื้อเยอะ เมนูนี้น่าจะ 290 บาทค่ะถ้าจำไม่ผิด ไม่แพงเกินค่ะ คุ้ม,ปลากระพงทอดน้ำปลา,pos,,,,
กุ้งแม่น้ำเผา เมนูนี้เด็ดค่ะ ครึ่งโล 400 โล 800 เวลาพนง. เสริฟมาต้องรีบกินค่ะ เพราะเค้าจะเผามาแบบพอดีแล้ว แต่ถ้าปล่อยทิ้งไว้รู้สึกกุ้งเนื้อจะแน่นขึ้นค่ะ กินตอนร้อนๆ จะอร่อยกว่าค่ะ,กุ้งแม่น้ำเผา,pos,,,,
ปลาเต๋าเต้ยนึ่งมะนาว เราว่าเมนูนี้แอบคาวนิดๆค่ะ ถ้าสั่งเป็นแบบทอดมา น่าจะอร่อยกว่าค่ะ แต่ส่วนตัวเราชอบกินปลานี้อยู่แล้วค่ะ เนื้ออร่อย ถ้าวันไหนคนเยอะ ปลาชอบหมดค่ะ มาหลายครั้งกว่าจะได้กิน,ปลาเต๋าเต้ยนึ่งมะนาว,pos,,,,
ข้าวผัดปู อันนี้ต้องสั่งไซส์กลางค่ะ อร่อย รวชาติกลมกล่อมดีค่ะ เนื้อปูเยอะ,ข้าวผัดปู,pos,,,,
ข้าวผัดปู อร่อย เนื้อปูเป็นก้อนๆเลย,ข้าวผัดปู,pos,,,,
หอยเซลล์เผาอบเนย อร่อยมากจนต้องสั่งเพิ่ม,หอยเซลล์เผาอบเนย,pos,,,,
ผัดผักกระเฉด อร่อย กรอบ ไม่เหนียว ชอบที่สุดเลย,ผัดผักกระเฉด,pos,,,,
ผัดผักบุ้ง อร่อย จัดจานได้สวย มาเป็นจานแรกเลย,ผัดผักบุ้ง,pos,,,,
ปลากระพงทอดน้ำปลา ปลากรอบอร่อย น้ำจิ้มราดเฉยๆ,ปลากระพงทอดน้ำปลา,pos,,,,
กุ้งอบวุ้นเส้น 210บ.วุ้นเส้นนุ่มๆปรุงรสกำลังดี มาพร้องกุ้งโตๆ3ตัว,กุ้งอบวุ้นเส้น,pos,,,,
ข้าวเหนียวมะม่วง 140บ.นุ่ม หอม หวานกำลังดี พร้อมมะม่วงที่รสชาติอร่อย,ข้าวเหนียวมะม่วง,pos,,,,
หมึกทอดกระเทียม ปลาหมึกเนื้อนุ่มเคี้ยวง่าย ปรุงรสมาอร่อยโดยไม่ต้องจิ้มซอส,หมึกทอดกระเทียม,pos,,,,
กุ้งอบวุ้นเส้น ⭐️⭐️⭐️⭐️ กุ้งใหญ่ 3 ตัว วุ้นเส้นหอมๆเหนียวๆ,กุ้งอบวุ้นเส้น,pos,,,,
ชอบกุ้งอบวุ้นเส้นมาก อร่อย ไม่เหมือนที่อื่น,กุ้งอบวุ้นเส้น,pos,,,,
กุ้งอบวุ้นเส้น ซึ่งใช้กุ้งลายเสือตัวใหญ่กับวุ้นเส้นที่ผ่านการปรุงรสมาอย่างดี รสชาตินี่น้องๆๆสมศักดิ์ วงเวียนใหญ่เลย,กุ้งอบวุ้นเส้น,pos,,,,
ผัดยอดมะระหวาน กับผักกระเฉดน้ำมันหอย สองจานนี้ทำมาได้เข็มข้นซอสมากๆๆ,"ผัดยอดมะระหวาน, ผักกระเฉดน้ำมันหอย",pos,,,,
ปลากระพงทอดน้ำปลา ปลาสด เนื้อหวาน อีกอย่างคือร้านทอดมากรอบมากๆๆๆ แต่เสียอย่างให้น้ำยำมะม่วงมาน้อยไปนิด,ปลากระพงทอดน้ำปลา,pos,,,,
ปลาหมึกทอดกระเทียม เนื้อปลาหมึกออกแนวเหนียวไปหน่อย แต่รสชาติความหอมของกระเทียมทำให้จานนี้ผ่านอีกเช่นเคย,ปลาหมึกทอดกระเทียม,pos,,,,
ข้าวผัดปู จานนี้รสชาติอร่อยอีกตามเคยแถมปูเป็นก้อนๆใหญ่ๆให้เคี้ยวกันเต็มๆๆปากไปเลย,ข้าวผัดปู,pos,,,,
ข้าวเหนียวมะม่วง ของหวานปิดท้ายสำหรับมื้อนี้ ข้าวเหนียวที่หุงมานิ่ม ทานกับมะม่วงหวานๆๆ แต่ขาดอย่างเดียวคือความหอมของกะทิ,ข้าวเหนียวมะม่วง,pos,,,,
กุ้งอบวุ้นเส้น - เส้นที่มีความเหนียวนุ่ม ประสานรวมตัวกับกุ้งทะเลบึกบึ้ม 3 ตัว บอกเลอเมนูนี้เด็ด,กุ้งอบวุ้นเส้น,pos,,,,
ข้าวผัดปู - ข้าวหอมมะลิผัดจนร่วนกับเนื้อปู ถือได้ว่า เป็นเมนูเด็ดจริงๆครัช,ข้าวผัดปู,pos,,,,
สิ่งที่ตั้งใจไปทานที่ร้านนี้คือ ผัดผักกะเฉดกับกุ้งเผา ในส่วนผัดผักกะเฉดนั้นยังอร่อยเหมือนเดิม กรอบไม่เหนียว,"ผัดผักกะเฉด, กุ้งเผา",pos,,,,
กุ้งอบวุ้นเส้น (฿260) : เมนูเด็ดประจำร้าน ต้องสั่งกันทุกโต๊ะ วุ้นเส้นเหนียวนุ่ม กุ้งตัวใหญ่มาก ปรุงรสมาได้อร่อยเด็ดค่ะ,กุ้งอบวุ้นเส้น,pos,,,,
ผัดผักกระเฉด (฿89) : จานนี้รสชาติดี รสเหมือนผัดผักกระเฉดตามร้านข้าวต้มรอบดึก,ผัดผักกระเฉด,pos,,,,
ข้าวผัดปู (฿80) : ข้าวผัดอร่อย ผัดได้กำลังดี อร่อยค่ะ,ข้าวผัดปู,pos,,,,
ยอมรับเลยครับว่า อาหารเค้าทุกเมนู สดอร่อยสุดๆ ว่าไปดีกว่าร้านอาหาร sea food หลายๆร้านตามพัทยา ระยอง หัวหินอีก เมื่ออิ่มจากอาหารคาว ความสำราญยังไม่จบนะครับ ข้าวเหนียวมะม่วงที่นี้ ก็ยังสร้างความดีงามให้กับร้านได้อีก เหอออ จะเอากระเพาะที่ไหนเก็บเนี้ยยยย,ข้าวเหนียวมะม่วง,pos,,,,
กุ้งอบวุ้นเส้น เพิ่มวุ้นเส้น 20 บาท เพลินเลยค่า ได้กุ้งมา 2 ตัว 2 ศรีพี่น้อง ตัวบึ้มมากๆตัวนึง กะอีกตัวสงสัยโดนแย่งอาหาร ตัวเล็กเชี้ยว,กุ้งอบวุ้นเส้น,pos,,,,
กุ้งผัดพริกเผา กุ้งแม่น้ำไซส์ s แต่ผัดมาดี๊ ดี เนื้อกุ้งหวานเด้ง น้ำซอสพริกเผาราดข้าวอย่างเดียวยังอร่อยเลย,กุ้งผัดพริกเผา,pos,,,,
ปลากะพงทอดราดน้ำปลา ปลาตัวใหญ่ดีเมื่อเทียบกับราคา (ประมาณ 290 ถ้าจำไม่ผิด) ยังให้แหลมเจริญเป็นที่ 1 อยู่จ้ะ ทอดได้ไม่กรอบ ฟูเท่า แต่ปลาสด ทอดสีสวย กรอบนอกนุ่มในน๊า,ปลากะพงทอดราดน้ำปลา,pos,,,,
ข้าวผัดปู ข้าวดี เม็ดร่วน แต่ทำไมต้องอัดใส่จานเปลมาแน่นๆด้วยอ้ะ ดูไม่เหมือนผัดใหม่ แต่ให้อภัยเพราะใช้เนื้อกรรเชียง ถึงจะไซส์ s แต่หวานสดนะแจ๊ะ,ข้าวผัดปู,pos,,,,
ต้มยำปลากะพง ปลาชิ้นหนา น่ากิน รสชาติต้มยำธรรมดาทั่วไป,ต้มยำปลากะพง,neg,,,,
หอยเชลล์อบเนย หอยใหญ่ ไข่แดง!! อ้ะไม่ใช่ละ มันเคี้ยวได้แบบจมเขี้ยวดีอ้ะ ชอบ,หอยเชลล์อบเนย,pos,,,,
กุ้งอบวุ้นเส้น ที่เป็นเมนูเด็ดของที่นี่ อร่อย กุ้งตัวใหญ่มาก สดด้วย ไม่มีอะไรติ (แต่ถ้าพูดตรงๆ เจอร้านใกล้บ้านที่อร่อยกว่านี้ เมนูนี้สำหรับเราเลยเฉยๆ),กุ้งอบวุ้นเส้น,pos,,,,
ของหวาน ข้างเหนียวมะม่วง ไม่หวานจนเกินไป รสชาติกำลังพอดี ถือว่าอร่อย ต้องลอง,ข้าวเหนียวมะม่วง,pos,,,,
ตบท้ายด้วยข้าวเหนียวมะม่วง อันนี้ขาดไม่ได้ นะ สั่ง มา 3 จาน (แบบชุดใหญ่) ขอบอกว่าร้านนี้ต้องกินนะข้าวเหนียวมะม่วง โดยเฉพาะข้าวเหนียวใบเตยสีเขียว อร่อยฝุดๆ..,ข้าวเหนียวมะม่วง,pos,,,,
กุ้งเผาย่างมาเกือบดี ไม่สุกจนแข็ง อาจจะมีบางตัวที่หัวกุ้งสุกไปหน่อย,กุ้งเผา,pos,,,,
กุ้งผัดน้ำพริกเผา เมื่อก่อนเคยอร่อยกว่านี้ค่ะ ไม่รู้เกิดอะไรขึ้นกับแม่ครัว หลังๆผัดมาจืดๆแฉะๆ,กุ้งผัดน้ำพริกเผา,neg,,,,
ข้าวผัดปู ใช้ข้าวหอมมะลิ ผัดมาหอมอร่อย เนื้อปูมาเปนก้อน ไม่เหม็นคาว ติดดาวให้เมนูนี้ค่ะะ,ข้าวผัดปู,pos,,,,
สุดท้ายปลาทอดน้ำปลา ใช้ได้เลยทีเดียว ทอดได้อวบสวย กำลังดี ปลาสดหวาน น้ำราดลงนัวกลมดกล่อม,ปลาทอดน้ำปลา,pos,,,,
ตบด้วยข้าวเหนียวมะม่วงลือชื่อ จะพลาดได้ไง อร่อยนะ โอเคเลย มะม่วงหวาน ข้าวเหนียวเด็ด แต่ แพงเกิ้นนน!!!,ข้าวเหนียวมะม่วง,pos,,,,
หอยเชลล์อบเนย 140.- มาแล้วต้องสั่ง ห้ามพลาด อร่อยมาก หอยเนยสุดๆค่ะ,หอยเชลล์อบเนย,pos,,,,
ปลาหมึกนึ่งมะนาว 160.- ใจจริงตั้งใจจะสั่งหมึกไข่ แต่ดันหมด ชอบรสชาติน้ำของมันค่ะ กลมกล่อม อร่อย ปลาหมึกตัวขนาดกำลังพอดี ชอบมาก ถ้าได้หมึกไข่มาคงจะอร่อยกว่านี้,ปลาหมึกนึ่งมะนาว,pos,,,,
กุ้งแม่น้ำเผา ครึ่งกิโล4ตัว 400.- มันกุ้งนี่อร่อยมากกกกก แต่กุ้งบางตัวแอบไม่สดอ่ะค่ะ,กุ้งแม่น้ำเผา,pos,,,,
ปูนึ่ง ตัวละ350.- จริงๆมีหลายไซส์นะคะ แต่เอาขนาดนี้ก็พอค่ะ ทาน2คน ตอนแรกคิดว่าใหญ่กว่านี้ แต่เอาเถอะค่ะ แค่นี้ก็อร่อยแล้ว,ปูนึ่ง,pos,,,,
ที่สำคัญที่พลาดไม่ได้ คือ ข้าวเหนียวมะม่วง อร่อยมั่ก ถือเป็นไอเทมฮิตที่ใครมาก็ต้องสั่งนาจา,ข้าวเหนียวมะม่วง,pos,,,,
"""ข้าวผัดปู"" ร้านนี้ข้าวผัดออกแนวหวานหน่อยๆ แต่ก็อร่อยดีค่ะ ทานกะพริกน้ำปลาเข้ากันได้เป็นอย่างดี ที่สำคัญข้าวเค้าจะออกแนวหนึบๆ หน่อย แอบเห็นในเมนู เค้าว่าเค้าใช้ข้าวมาบุญครอง ก็อร่อยกันไป",ข้าวผัดปู,pos,,,,
"""ปลากระพงทอดน้ำปลา"" อันนี้ก็เป็นจานเด็ดที่แพร่หลาย ร้านนี้จัดว่าโอเค ทานดีค่ะ แม้จะไม่ใช่เจ้าชื่อดังด้านนี้อย่างแหลมเจริญ แต่ก็ให้ผ่านค่ะ",ปลากระพงทอดน้ำปลา,pos,,,,
"""ผัดผักกระเฉด"" อูยยยยย อันนี้เด็ดจริง อะไรจริง ขอให้ชิม ขอให้ลอง แซ่บ เด็ด เผ็ด มัน กินกะข้าวผัดยิ่งอร่อย กินผัดหมด อยากเอาน้ำที่ผ้ดมาขอผักเพิ่ม ^^",ผัดผักกระเฉด,pos,,,,
"""กุ้งอบวุ้นเส้น"" เสริฟ์ในหม้อ กุ้ง 3 ตัว พร้อมวุ้นเส้นและเครื่องที่ฝังอยู่ข้างล่าง อันนี้ก็อร่อยนะคะ โดยเฉพาะวุ้นเส้น อิอิ ชอบกินเส้นอ่าาาา",กุ้งอบวุ้นเส้น,pos,,,,
"""หอยแมลงภู่อบ"" อันนี้กลางๆ ค่ะ หอยไม่เด็ด เท่าไหร่ ออกแนวจืดไปนิสนึง",หอยแมลงภู่อบ,pos,,,,
กุ้งเผา 5 ตัวครึ่งโล ย่างกำลังดีไม่แห้งเกินไป ทำให้เนื้อแข็งเกิน อร่อยใช้ได้,กุ้งเผา,pos,,,,
กุ้งอบวุ้นเส้น กุ้งลายเสือขนาดใช้ได้ เนื้อแน่น แต่วุ้นเส้น ความเหนียวกับรสชาติ ไม่ผ่าน,กุ้งอบวุ้นเส้น,neg,,,,
วันนี้มาจัดอาหารรองท้องก่อนการเที่ยวรอบดึก มาถึงร้านตอนเย็นๆ คนเริ่มเยอะ ให้ความรู้สึกเหมือนมาร้านหมูกะทะ (ฮ่าาาา) เมนูแรกคือ ปูผัดผงกะหรี่ ตกใจมากที่เห็น ปูตัวใหญ่มาทั้งตัว กล้ามปูทุบเบาๆเห็นเนื้อแน่นๆ น่าทาน เต็มปากเต็มคำ รสชาติเข้มข้นทานกับข้าวเปล่า กำลังดี,ปูผัดผงกะหรี่,pos,,,,
ต่อมาคือ ปลาหมึกผัดน้ำพริกเผา รสเผ็ดไปหน่อย ปลาหมึกชิ้นโตรสชาติเข้าเนื้อ เผ็ดซี้ดดดดดดดดด ถึงใจ,ปลาหมึกผัดน้ำพริกเผา,pos,,,,
ผัดผักกระเฉดอร่อยค่ะ แต่ได้น้อยมาก แอบเห็นโต๊ะข้างๆเรียกพนักงานมาตำหนิด้วยว่าไมได้น้อย ฮ่าๆ แต่เราไม่ซีค่ะ ชิมๆไปอย่างละนิดหน่อย 7/10,ผัดผักกระเฉด,neg,,,,
อาหารเป็นประเภทซีฟู้ด ที่แนะนำเลยคือกุ้งเผาคะ มากี่ทีก็ต้องสั่งมาทานคะ หัวกุ้งนี่มันเน้นๆ เนื้อแน่นๆ อาหารก็ได้ไว คนเยอะแค่ไหนก้รอไม่นานคะ,กุ้งเผา,pos,,,,
กุ้งอบวุ้นเส้น มาร้านนี้ต้องอย่าพลาดด้วยประการทั้งปวง กุ้งตัวใหญ่ สด กรอบ วุ้นเส้นเหนียวนุ่มรสชาติสุดยอดมาก,กุ้งอบวุ้นเส้น,pos,,,,
หอยเชลล์อบเนย หอยตัวไม่ใหญ่ รสชาติธรรมดา แต่... พอได้เจอกับน้ำจิ้มซีฟู้ดสูตรเด็ดของร้านเท่านั้นแหละครับ ฟิน !!!!!,หอยเชลล์อบเนย,pos,,,,
อีกเมนูที่วันนี้สั่งมาทานก็คือ เนื้อปลาเก๋าผัดคื่นช่าย เนื้อปลาเก๋าชิ้นโตสดมาก แน่นมาก ผัดมาได้อย่างลงตัว ทานกับข้าวร้อนๆ โอยยย มีความสุขครับ บอกเลย !!!,เนื้อปลาเก๋าผัดคื่นช่าย,pos,,,,
ปิดท้ายด้วยของหวานนะครับ ช่วงนี้จะมีข้าวเหนียวมะม่วงให้ได้ทานกัน ราคาอยู่ที่ ชุดเล็ก 140 บาท มะม่วงสุก ไม่เละ หวานอมเปรี้ยวกำลังดี ทานกับข้าวเหนียวมูล อร่อยมากๆๆ ถือว่าเป็นของหวานปิดท้ายได้อย่างดีเลยครับ,ข้าวเหนียวมะม่วง,pos,,,,
เราไม่ชอบ ผัดผักกระเฉด : มาทั้งลำต้น ก้านเยอะ มีใบน้อย น่าตาไม่น่ากิน แต่รสชาติพอได้อยู่,ผัดผักกระเฉด,neg,,,,
เราชอบ ข้าวเหนียวมะม่วง : ข้าวเหนียวนิ่ม น้ำกะทิ หื่ม เด็ดอะ,ข้าวเหนียวมะม่วง,pos,,,,
เราชอบ ปลาหมึกทอดกระเทียม : อันนี้เด็ดมาก ไม่เหนียวเลย อร่อย,ปลาหมึกทอดกระเทียม,pos,,,,
ชอบมากเลยค่ะร้านนี้ ร้านใหญ่ อาหารอร่อย เหมาะกับการมาทานเป็นครอบครัวมากๆ มีอาหารใฟ้เลือกหลากหลาย แต่ละอย่างเด็ดๆทั้งนั้น แต่ราคาก็พอสมควรเลยค่ะ บางอย่างแพง บางอย่างสมราคา เมนูเด็ดที่ชอบมากนี่คือ ปลากระพงทอดน้ำปลาค่ะ เด็ดจริง,ปลากระพงทอดน้ำปลา,pos,,,,
นอกจากจะขึ้นชื่อเรื่องอาหารทะเลสดอร่อย ราคาไม่แพงแล้ว อีกเมนูที่พลาดไม่ได้ คือ ข้าวเหนียวมะม่วงค่ะ ข้าวเหนียวหลากสี โรยด้วยถั่วคั่วกรุบกรอบ ราดน้ำกะทิหวานหอม ทานแกล้มกับมะม่วงน้ำดอกไม้ลูกโต หวานเจี๊ยบ ฟินสุดๆค่ะ,"อาหารทะเล, ข้าวเหนียวมะม่วง",pos,,,,
เมนูแรก กุ้งอบวุ้นเส้นรสชาตดีเลย กุ้งตัวใหญ่เนื้อไม่เละ แต่ถ้าจะติก็น่าจะเรื่องเส้นให้น้อยไปหน่อย ทาน2คำก็หมดละ,กุ้งอบวุ้นเส้น,pos,,,,
เมนูสาม ต้มยำปลาเก๋าน้ำใส รสชาตโอ แต่ทีไม่ชอบคือเนื้อปลา เหมือนปลาจะหยาบเหมือนจะใช้ปลาเก๋าตัวเล็ก แต่ถ้าเทียบกับราคาก็พอถูไถไปได้,ต้มยำปลาเก๋าน้ำใส,pos,,,,
ตั้งแต่ไปทานมา ผมว่ากุ้งเผาที่นี่อร่อยมาก (จริงๆกุ้งมันก็เหมือนกันกับที่อื่น คือสดๆเหมือนกัน แต่ที่ทานมา ที่นี่มีความฉุ่มฉ่ำ หวานกว่าที่อื่น),กุ้งเผา,pos,,,,
ส่วนอาหารที่แสดงฝีมือร้านนี้คือ ปูอบวุ้นเส้น ผมกินมากี่ที แนะนำให้สั่งปูอบวุ้นเส้นนะครับ ผมว่าอร่อยกว่ากุ้งอบวุ้นเส้น,"ปูอบวุ้นเส้น, กุ้งอบวุ้นเส้น",pos,,,,
กุ้งอบวุ้นเส้น 260.- กุ้งตัวใหญ่ดีค่ะ มี 3 ตัว วุ้นเส้นนุ่ม แต่ไม่ค่อยหอมสมุนไพร (เคยกินร้านอื่นอร่อยกว่า) แต่รวมๆประทับใจค่ะ ถือว่าใช้ได้,กุ้งอบวุ้นเส้น,pos,,,,
ปลากระพงทอดน้ำปลา 290.- ราคาไม่แรงดีค่ะ ปลื้ม รสชาติดีเหมือนร้านทั่วๆไป เนื้อปลาอ้วนดีค่ะ 555 เนื้อเยอะดี,ปลากระพงทอดน้ำปลา,pos,,,,
ข้าวเหนียวมะม่วง 150.- อันนี้กินเพลินมาก ไม่หวานไป ข้าวเหนียวนุ่ม หอม มีรสชาติใบเตยด้วย มะม่วงหวานใช้ได่ค่ะ อร่อยมาก อันนี้ชอบสุด,ข้าวเหนียวมะม่วง,pos,,,,
ผัดผักกระเฉด สั่งปุ๊บมาปั๊บเร็วเวอร์ ผักกรอบมากเราชอบ น้ำนี่เอามาคลุกกินกับข้าว 555 สั่งทีคือคนละจานอ่ะ จานใครจานมันห้ามแย่ง ห้าๆๆ 🤣,ผัดผักกระเฉด,pos,,,,
ถัดมาคือหอยเชลล์อบเนยค่ะให้มาแบบไม่หวง หอมเนยมาก กินอร่อยมาก แถบจะเลียเปลือก ห้าๆๆๆ อยากให้ลอง มันดีต่อพุง 🐚,หอยเชลล์อบเนย,pos,,,,
และปลากระพงทอดน้ำปลาของเราก็มาาาาาา ชอบมากๆ ดีงาม ปลากรอยกร้วมๆ เรานี่กินยันหางค่ะ 😂 มาควรรีบกินตอนร้อนๆนะ ดี๊ดี ❤️,ปลากระพงอดน้ำปลา,pos,,,,
ปลากระพงนึ่งมะนาว 🐟 อันนี้ก็ดีงาม มีความเปรี้ยวแซ่บ เนื้อปลานุ่ม แต่ไม่เละไม่ยุ่ย พ่อเราช๊อบชอบบ เป็นตัวเลือกคนที่ไม่ชอบทานแบบทอดค่า,ปลากระพงนึ่งมะนาว,pos,,,,
และคราวนี้ลองสั่ง หมึกผัดพริกเผาด้วย ส่วนตัวเราว่าเฉยๆ แต่ก้อร่อยดี ปลาหมึกเหนียวนุ่มเคี้ยวเพลินกำลังดี ผัดพริกเผาเพิ่มความเผ็ด,หมึกผัดพริกเผา,pos,,,,
และค้องจบที่ข้าวเหนียวมะม่วงสิ!! ห้าๆๆๆ ยังไงก็ต้องกินเมนูนี้ตบท้ายค่ะ เราเป็นคนไม่กินมะม่วงสุก แต่แค่ข่าวเหนียวมูนราดกะทิยังอร่อยยยอ่ะบอกเลย,ข้าวเหนียวมะม่วง,pos,,,,
หลังจากข้าวผัดปูซึ่งมาเป็นอาหารจานแรก รสชาติอร่อยถูกใจจนต้องสั่งเพิ่มอีกจาน ข้าวผัดได้แห้งกำลังพอดี ไม่มัน มีกลิ่นหอมไหม้นิดๆ ทีเนื้อปูเป็นชิ้นเป็นอัน,ข้าวผัดปู,pos,,,,
ส่วนเมนูอบวุ้นเส้นนั้น รสชาติกลมกล่อม กุ้งและปูตัวโต สดใช้ได้ วุ้นเส้นที่ให้มานั้นดูจืดๆ แต่รสชาติดีทีเดียว เสียอย่างเดียวมันเละไปหน่อย แต่ถึงกระนั้นก็ไม่เพียงพอคราวหน้าคงต้องสั่งแบบเพิ่มวุ้นเส้นซะแล้ว,อบวุ้นเส้น,pos,,,,
"และแล้วเวลาแห่งการรอคอยก็มาถึง ""ข้าวเหนียวมะม่วง"" ให้มะม่วงน้ำดอกไม้มา 1ลูก กะข้าวเหนียวอีก2กระหย่อม เป็นข้าวเหนียวมูลปกติกับข้าวเหนีนวใบเตย รสชาติโดยรวมใช้ได้ น้ำกะทิเข้มข้น หอมมัน แต่ข้าวเหนียวเละไม่เป็นเม็ด มะม่วงหอมหวานกำลังดี โดยรวมแล้วรู้สึกว่าไม่ได้อร่อยกว่าเจ้าดังที่หัวหินอย่างที่คนอื่นโฆษณาไว้",ข้าวเหนียวมะม่วง,pos,,,,
เพิ่งจะได้ไปชิมครั้งแรก ก็ติดใจน้ำจิ้มเด็ดค่ะ กุ้งเผานี่สุดยอด(เห็นเด็กเสิร์ฟถือผ่าน) พอดีเราไม่รู้หิวข้าวเลยสั่งข้าวผัดกุ้งมาทานกุ้งใหญ่มากค่ะเลยอิ่มซะก่อน รอบหน้าไปอีกจะไม่พลาดกุ้งเผา,"กุ้งเผา, ข้าวผัดกุ้ง",pos,,,,
แฟนสั่งกรรเชียงมาหนึ่งที่ยังไม่พอเลยค่ะ อร่อยมากค่ะ สด หวาน หอม ต้องสั่งเพิ่ม คือแฟนชอบกินกรรเชียง ร้านไหนๆ ก็ไม่สมใจ เจอแห้งบ้าง มาแบบเล็กบ้าง มาแบบต้องนั่งแกะอีก ร้านนี้มาพร้อมทานเลยค่ะ ใหญ่พอคำ ถือว่าเด็ด,กรรเชียง,pos,,,,
[ข้าวผัดปู ] อร่อยสมคำล่ำรือค่ะ เนื้อปูแน่นมาก สดหวานเลยตัวเธอเอ้ยยย,ข้าวผัดปู,pos,,,,
[กุ้งอบวุ้นเส้น]. เมนูแนะนำที่ต้องสั่งกันทุกโต๊ะ อร่อยดีงามสะพานโกลเด้นท์เกตค่ะ กุ้งตัวใหญ่ เนื้อแน่น เรียงเบียดกันในหม้อ คลุกเคล้าน้ำซอสที่รสเข้มข้น อร่อยมากค่ะ,กุ้งอบวุ้นเส้น,pos,,,,
[ปลากระพงนึ่งมะนาว ] เนื้อปลาสดหวานมาก ไม่คาวเลยค่ะ ติตรงเราว่าไม่ค่อยเข้มข้นเท่าไหร่ แต่โดยรวมจัดว่าอร่อย,ปลากระพงนึ่งมะนาว,pos,,,,
[หอยเชลอบเนย]. อันนี้คาดหวังเหมือนกันค่ะหลายคนแนะนำ แต่ส่วนตัวว่าเลี่ยนไป. เนยเยอพไปค่ะ มาเป็นน้ำอาบหอยมาเลย,หอยเชลอบเนย,neg,,,,
[ข้าวเหนียวมะม่วง] ของหวานยอดนิยมของคนทุกชนชาติ อร่อยค่ะ ถ้าใครที่ไม่ชอบข้าวเหนียวมูลแบบหวานๆ ถูกใจแน่นอนค่ะ ข้าวเหนียวนุ่ม เรียงเม็ดสวย มันหอม หวานกำลังดี มะม่วงก็ฉ่ำค่ะ อร่อยจริงๆ จัดไปสามจานเบาๆ อิอิ,ข้าวเหนียวมะม่วง,pos,,,,
และที่ชอบสุดๆ คือปูอบวุ้นเส้น ใครชอบเส้นนิ่มๆ แต่ไม่เละ น่าจะชอบจานนี้เหมือนกัน เนื้อปู สด และหวานมาก,ปูอบวุ้นเส้น,pos,,,,
เนื้อปูผัดผงกระหรี่- รสชาติใช้ได้เลย ให้เนื้อปูก้อนๆมาเต็มจาน คุ้มราคาค่ะ,เนื้อปูผัดผงกระหรี่,pos,,,,
กุ้งอบวุ้นเส้น- จานนี้อร่อยค่ะ มีกุ้งขนาดกลางๆมา3ตัว แต่วุ้นเส้นน้อยไปนิดนึง,กุ้งอบวุ้นเส้น,pos,,,,
หอยเชลล์อบเนย- หอยเชลล์สดค่ะ รสชาติกลางๆไม่ได้เข้มข้นมาก,หอยเชลล์อบเนย,pos,,,,
หอยแมลงภู่อบ- หอยสด อบมากับใบโหระพา หอมใหญ่และพริก อร่อยค่ะ,หอยแมลงภู่อบ,pos,,,,
เมนูแนะนำคือ หอยเชลล์อบเนย จานนี้โดนใจมากๆ หอมเนย หอยเชลล์สดๆ หวานๆ ตัวใหญ่ถึงใจ,หอยเชลล์อบเนย,pos,,,,
ต่อกันด้วยข้าวผัดปู ข้าวเป็นเม็ด ไม่แฉะ อัดแน่นไปด้วยเนื้อปูเป็นก้อนๆ กินกับน้ำจิ้มซีฟู้ดด้วยแล้ว อร่อยอย่าบอกใครเชียว,ข้าวผัดปู,pos,,,,
"วันนี้ไปช่วงบ่ายสี่โมงครึ่งเลยไม่ต้องรอคิวโต๊ะเเละที่จอดรถหาง่าย รสชาติอาหารอร่อยเเละราคาไม่เเพงค่ะ แนะนำ ปลากระพงนึ่งมะนาว, กุ้งอบวุ้นเส้น และหอยเซลล์ค่ะ รสชาติอร่อย พนักงานบริการดี โดยรวมถือว่าดี หากไปช่วงเย็นอาจจะหาที่จอดรถยากนิดหนึ่งนะค่ะ","ปลากระพงนึ่งมะนาว, กุ้งอบวุ้นเส้น, หอยเซลล์",pos,,,,
เมนูแนะนำคือกุ้งอบวุ้นเส้น แฟนผมที่เกลียดกุ้งอบวุ้นเส้น ยังหันมากินเพราะร้านนี้เลยจริงๆ วุ้นเส้นนุ่มหอมอร่อย ไม่อืดพองหรือเละเกินไป น้ำซอสหอมมากๆ บวกกับกินกระเทียมเครื่องเทศ + มันหมู ยิ่งหอม แนะนำ ให้ 100 คะแนน กุ้งที่ให้ก็ใหญ่โต 2 ตัว เดาว่า 7-9 ตัว ต่อกิโล ไม่กินถือว่าผิดเลยครับ,กุ้งอบวุ้นเส้น,pos,,,,
"กุ้งอบวุ้นเส้น, ปลากระพงทอดน้ำปลา, ข้าวผัดปู, กุ้งใหญ่เผาอาหารอร่อยมาก บริการดีค่ะ ตอนเย็นๆและวันหยุดยาวคนจะเยอะหน่อยค่ะ รอคิวนานไปนิดนึง แต่โดยรวมอาหารอร่อย คุ้มค่ากับการรอคอย","กุ้งอบวุ้นเส้น, ปลากระพงทอดน้ำปลา, ข้าวผัดปู, กุ้งใหญ่เผา",pos,,,,
ลูกค้ามากขึ้นกว่าเมื่อก่อนมาก ถึงขนาดว่าจัดเพิ่มเป็นโซนทำและขายเฉพาะข้าวเหนียวมะม่วงเลย ด้วยข้าวเหนียวมูลที่ย้อมสีตามกลิ่นสีธรรมชาติเช่นสีม่วงอัญชัน สีเขียวใบเตยมีความหอมหวาน ข้าวนิ่มกำลังดี ปริมาณที่ให้ไม่มากนักถ้าเทียบกับจานที่ใส่ขนาดใหญ่ และ เกินครึ่งจานจะเป็นพื้นที่ของมะม่วงสุกที่ร้านเลือกได้เก่งมาก ลูกใหญ่เนื้อมะม่วงเยอะ และหวานทุกครั้งที่ไปทาน เลือกวัตถุดิบมาอย่างดี มะม่วงอาจดูสัดส่วนมากกว่าข้าวเหนียวมูลด้วยซ้ำไป ด้านบนข้าวเหนียวมูล(ห้า)สีโรยด้วยถั่วเหลืองและราดกะทิ และทุกครั้งที่มาจานเดียวไม่เคยพอต้องขอเบิ้ลตลอด เพราะทุกคนยังเอร็ดอร่อยกับข้าวเหนียวมูล รู้สึกยังไม่สะใจ ปกติทานข้าวเหนียวมะม่วงที่อื่นข้าวจะเยอะกว่ามะม่วงเราจะรู้สึกอิ่มและเลี่ยนจะกินแต่มะม่วงเหลือข้าวไว้,ข้าวเหนียวมะม่วง,pos,,,,
อาหารอร่อยทุกอย่าง ชอบกุ้งอบวุ้นเส้น กะพงทอดน้ำปลา,"กุ้งอบวุ้นเส้น, กระพงทอดน้ำปลา",pos,,,,
สั่งหลายอย่าง อร่อยทุกอย่าวโดยเฉพาะกุ้งอบวุ้นเส้น กุ้งลายเสือตัวใหญ่และสดมาก รสชาติดีมากกกก,กุ้งอบวุ้นเส้น,pos,,,,
ทานประจำ กินมาเกือบทุกเมนู อาหารอร่อยมาก ชอบข้าวเหนียวมะม่วงๆหวาน โป๊ะแตก ผัดกระเฉด ปลาสำลีเผา อร่อยทุกอย่าง,"ข้าวเหนียวมะม่วง, โป๊ะแตก, ผัดกระเฉด, ปลาสำลีเผา",pos,,,,
ไม่เคยผิดหวังกับร้านนี้เลยสักครั้ง กุ้งอบสุ้นเส้น ใช้กุ้งตัวโตๆ อร่อยสมกับชื่อร้านจริงๆ ค่ะ ปูอบวุ้นเส้นก็อร่อยนะคะ สมราคา แนะนำตบท้ายด้วยข้าวเหนียวมะม่วง บริการดี พนักงานเป็นมิตรค่ะ,"กุ้งอบวุ้นเส้น, ปูอบวุ้นเส้น, ข้าวเหนียวมะม่วง",pos,,,,
ซีฟู๊ด เด็ดมาก ข้าวเหนียวมะม่วงอร่อย คนเข้าร้านเยอะมาก รอคิวประมาณ 20 นาที อยากไปอีก,"ซีฟู๊ด, ข้าวเหนียวมะม่วง",pos,,,,
ปลาสำลีเผาอาหารแนะนำร้านนี้ เนื้อนุ่มอร่อย,ปลาสำลีเผา,pos,,,,
เมื่อก่อนร้านนี้เป็นร้านเล็กๆ ค่ะ มาทานกะป๋ากะม้า กุ้งอบวุ้นเส้นที่นี่ดังมาก แต่ขอแนะนำอีกเมนูคือ ปูอบวุ้นเส้นค่ะ ร้านเป็นแบบ Open ระวังยุงด้วยนะคะ แอบเอายาไปทาก็ดีค่ะ,"กุ้งอบวุ้นเส้น, ปูอบวุ้นเส้น",pos,,,,
โดยรวมอร่อยครับ โดยเฉพาะข้าวผัดปู อร่อยมาก (จัดไปสองจานใหญ่) แต่กุ้งอบวุ้นเส้นค่อนข้างมันมากครับ แนะนำให้นั่งแท็กซี่มาครับ คนเยอะมาก,"ข้าวผัดปู, กุ้งอบวุ้นเส้น",neg,,,,
ถ้าจะกินอาหารทะเลในกรุงเทพ ที่ใกล้ๆบ้านใจกลางเมือง ก็ต้องร้านนี้เลย อาหารทะเลสด น้ำจิ้มโอเค ราคากลางๆ ที่ขาดไม่ได้เลยคือกุ้งเผา กับข้าวเหนียวมะม่วง แต่ว่าข้าวเหนียวมะม่วงแอบแพงขึ้นนะ,"กุ้งเผา, ข้าวเหนียวมะม่วง",pos,,,,
ปลาหมึกย่างอร่อยมากครับอาหารสดดีใช้ได้เลยครับแต่คนเยอะน่าดูก่อนไปโทรจองก่อน,ปลาหมึกย่าง,pos,,,,
ปกติเป็นคนชอบกินกุ้งอบวุ้นเส้นอยู่เเล้วพอมาร้านนี้ ลงตัวมากครับ เครื่องกลมกล่อมมากๆเลย มีโอกาศจะชวนเเฟน ไปทานอีกนะครับ,กุ้งอบวุ้นเส้น,pos,,,,
รสชาติกลางกว่าที่คิด ปลาเผาไม่อร่อยเลย เมียบ่นหูชา พนักงานดูแลไม่ทั่วถึง บางเมนูก็อร่อย บางเมนูก็ไม่อร่อย ปนๆกันไป,ปลาเผา,neg,,,,
บริการรวดเร็ว ราคารับได้ ไม่แพงจนเกินไป อาหารอร่อยหลายอย่าง โดยเฉพาะของหวาน ชอบข้าวเหนียวมะม่วงมากๆ เค้กก็อร่อยมาก,"ข้าวเหนียวมะม่วง, เค้ก",pos,,,,
ปูอบวุ้นเส้นเด็ดมาก หมึกแดดเดียวจานเดียวไม่พอ ข้าวเหนียวมะม่วงก็อร่อย ที่สำคัญราคาไม่แพง,"ปูอบวุ้นเส้น, หมึกแดดเดียว, ข้าวเหนียวมะม่วง",pos,,,,
ข้าวผัดปู หอยเชลล์ผัดเนย อร่อยเว่อร์ ข้าวผัดปูรสชาติกลมกล่อม ตั้งแต่กินมาร้านนี้อร่อยสุดแล้ว แต่ติตรงแพงไปนิด,"ข้าวผัดปู, หอยเชลล์ผัดเนย, ข้าวผัดปู",pos,,,,
กุ้งเผาตัวใหญ่(7ตัว/โล) ปลากะพงทอดน้ำปลาก็อร่อย ข้าวผัดปูได้น้อย อาหารร้านนี้เค็มไปนิดนึงค่ะ แต่โดยรวมอร่อยดีค่ะ,"กุ้งเผา, ปลากระพงทอดน้ำปลา, ข้าวผัดปู",neg,,,,
รักมากๆร้านนี้ กุ้งอบวุ้นเส้น ซีฟู้ดกินใกล้ๆ ไม่ต้องไปถึงทะเล ปลากระพงทอดราดน้ำปลา สดมาก ดีมาก ข้าวเหนียวมะม่วงดีมาก,"กุ้งอบวุ้นเส้น, ปลากระพงทอดราดน้ำปลา, ข้าวเหนียวมะม่วง",pos,,,,
อบอร่อยทานตั้งแต่ก่อนย้ายร้านมาอยู่ตรงทาวน์อินทาวน์ ชอบที่สุดก็ปลาหมึกแดดเดียว คือ รสชาติพอดีไม่เหนียว,ปลาหมึกแดดเดียว,pos,,,,
อาหารอร่อย โดนเฉพาะกุ้งเผา สดมากๆๆๆ. กัของโปรด ข้าวเหนียวมะม่วงสุดฟิน,"กุ้งเผา, ข้าวเหนียวมะม่วง",pos,,,,
ชอบปูอบวุ้นเส้นมาก ปูสดและตัวใหญ่มากๆ อิ่มอร่อยสมชื่อสมราคา อยากแวะมาทานอีก,ปูอบวุ้นเส้น,pos,,,,
ร้านโปรด ที่ฝากท้องไว้กับเมนูข้าวผัดปู ปลากะพงทอดน้ำปลา บริเวณร้านกว้างขวาง คนเยอะ แต่ไปทานไม่ต้องรอคิวนานเพราะโต๊ะเยอะ,"ข้าวผัดปู, ปลากระพงทอดน้ำปลา",pos,,,,
สด อร่อย แน่นๆ ข้าวเหนียวมะม่วงเค้าเริ่ดนะ,ข้าวเหนียวมะม่วง,pos,,,,
อร่อย ราคากลางๆไม่แพงเว่อ เมนูแนะนำเป็น กุ้งสะดุ้ง หอยเชลอบเนย ของที่นี่หอมมาก ผัดผักกระเฉด (ได้มาหนึ่งหย่อม แต่ก็โอเคนะ),"กุ้งสะดุ้ง, หอยเชลอบเนย, ผัดผักกระเฉด",pos,,,,
อาหารทะเลอร่อย กุ้งเผา ปลากระพงทอดน้ำปลาอร่อย ไม่แพงมาก อย่าลืมกินข้าวเหนียวมะม่วงด้วยจ้ะ,"กุ้งเผา, ปลากระพงทอดน้ำปลา, ข้าวเหนียวมะม่วง",pos,,,,
"""กระพงทอดน้ำปลา"" เด็ดมาก ทานแล้วอยากไปทานอีก, อาหารทะเลสดดี กุ้งตัวใหญ่, ด้านหน้าร้านขาย ข้าวเหนียวมะม่วง และสละลอยแก้ว อร่อยเช่นกัน","กระพงทอดน้ำปลา, ข้าวเหนียวมะม่วง, สละลอยแก้ว",pos,,,,
ของทะเลสดมาก โดยเฉพาะกุ้งเผา น้ำจิ้มแซบ ราคาเกินคุ้มจริงๆ รับรองไม่ผิดหวัง ไม่เน้นบรรยากาศ,กุ้งเผา,pos,,,,
,,,,,,
,,,,,,
,,,,,,
,,,,,,
,,,,,,
,,,,,,
,,,,,,
,,,,,,
,,,,,,
,,,,,,
,,,,,,
,,,,,,
,,,,,,
,,,,,,
,,,,,,
,,,,,,
,,,,,,
,,,,,,
,,,,,,
,,,,,,
,,,,,,
,,,,,,
,,,,,,
,,,,,,
,,,,,,
,,,,,,
,,,,,,
,,,,,,
,,,,,,
,,,,,,
,,,,,,
,,,,,,
,,,,,,
,,,,,,
,,,,,,
,,,,,,
,,,,,,
,,,,,,
,,,,,,
,,,,,,
,,,,,,
,,,,,,
,,,,,,
,,,,,,
,,,,,,
,,,,,,
,,,,,,
,,,,,,
,,,,,,
,,,,,,
,,,,,,
,,,,,,
,,,,,,
,,,,,,
,,,,,,
,,,,,,
,,,,,,
,,,,,,
,,,,,,
,,,,,,
,,,,,,
,,,,,,
,,,,,,
,,,,,,
,,,,,,
,,,,,,
,,,,,,
,,,,,,
,,,,,,
,,,,,,
,,,,,,
,,,,,,
,,,,,,
,,,,,,
,,,,,,
,,,,,,
,,,,,,
,,,,,,
,,,,,,
,,,,,,
,,,,,,
,,,,,,
,,,,,,
,,,,,,
,,,,,,
,,,,,,
,,,,,,
,,,,,,
,,,,,,
,,,,,,
,,,,,,
,,,,,,
,,,,,,
,,,,,,
,,,,,,
,,,,,,
,,,,,,
,,,,,,
,,,,,,
,,,,,,
,,,,,,
,,,,,,
,,,,,,
,,,,,,
,,,,,,
,,,,,,
,,,,,,
,,,,,,
,,,,,,
,,,,,,
,,,,,,
,,,,,,
,,,,,,
,,,,,,
,,,,,,
,,,,,,
,,,,,,
,,,,,,
,,,,,,
,,,,,,
,,,,,,
,,,,,,
,,,,,,
,,,,,,
,,,,,,
,,,,,,
,,,,,,
,,,,,,
,,,,,,
,,,,,,
,,,,,,
,,,,,,
,,,,,,
,,,,,,
,,,,,,
,,,,,,
,,,,,,
,,,,,,
,,,,,,
,,,,,,
,,,,,,
,,,,,,
,,,,,,
,,,,,,
,,,,,,
,,,,,,
,,,,,,
,,,,,,
,,,,,,
,,,,,,
,,,,,,
,,,,,,
,,,,,,
,,,,,,
,,,,,,
,,,,,,
,,,,,,
,,,,,,
,,,,,,
,,,,,,
,,,,,,
,,,,,,
,,,,,,
,,,,,,
,,,,,,
,,,,,,
,,,,,,
,,,,,,
,,,,,,
,,,,,,
,,,,,,
,,,,,,
,,,,,,
,,,,,,
,,,,,,
,,,,,,
,,,,,,
,,,,,,
,,,,,,
,,,,,,
,,,,,,
,,,,,,
,,,,,,
,,,,,,
,,,,,,
,,,,,,
,,,,,,
,,,,,,
,,,,,,
,,,,,,
,,,,,,
,,,,,,
,,,,,,
,,,,,,
,,,,,,
,,,,,,
,,,,,,
,,,,,,
,,,,,,
,,,,,,
,,,,,,
,,,,,,
,,,,,,
,,,,,,
,,,,,,
,,,,,,
,,,,,,
,,,,,,
,,,,,,
,,,,,,
,,,,,,
,,,,,,
,,,,,,
,,,,,,
,,,,,,
,,,,,,
,,,,,,
,,,,,,
,,,,,,
,,,,,,
,,,,,,
,,,,,,
,,,,,,
,,,,,,
,,,,,,
,,,,,,
,,,,,,
,,,,,,
,,,,,,
,,,,,,
,,,,,,
,,,,,,
,,,,,,
,,,,,,
,,,,,,
,,,,,,
,,,,,,
,,,,,,
,,,,,,
,,,,,,
,,,,,,
,,,,,,
,,,,,,
,,,,,,
,,,,,,
,,,,,,
,,,,,,
,,,,,,
,,,,,,
,,,,,,
,,,,,,
,,,,,,
,,,,,,
,,,,,,
,,,,,,
,,,,,,
,,,,,,
,,,,,,
,,,,,,
,,,,,,
,,,,,,
,,,,,,
,,,,,,
,,,,,,
,,,,,,
,,,,,,
,,,,,,
,,,,,,
,,,,,,
,,,,,,
,,,,,,
,,,,,,
,,,,,,
,,,,,,
,,,,,,
,,,,,,
,,,,,,
,,,,,,
,,,,,,
,,,,,,
,,,,,,
,,,,,,
,,,,,,
,,,,,,
,,,,,,
,,,,,,
,,,,,,
,,,,,,
,,,,,,
,,,,,,
,,,,,,
,,,,,,
,,,,,,
,,,,,,
,,,,,,
,,,,,,
,,,,,,
,,,,,,
,,,,,,
,,,,,,
,,,,,,
,,,,,,
,,,,,,
,,,,,,
,,,,,,
,,,,,,
,,,,,,
,,,,,,
,,,,,,
,,,,,,
,,,,,,
,,,,,,
,,,,,,
,,,,,,
,,,,,,
,,,,,,
,,,,,,
,,,,,,
,,,,,,
,,,,,,
,,,,,,
,,,,,,
,,,,,,
,,,,,,
,,,,,,
,,,,,,
,,,,,,
,,,,,,
,,,,,,
,,,,,,
,,,,,,
,,,,,,
,,,,,,
,,,,,,
,,,,,,
,,,,,,
,,,,,,
,,,,,,
,,,,,,
,,,,,,
,,,,,,
,,,,,,
,,,,,,
,,,,,,
,,,,,,
,,,,,,
,,,,,,
,,,,,,
,,,,,,
,,,,,,
,,,,,,
,,,,,,
,,,,,,
,,,,,,
,,,,,,
,,,,,,
,,,,,,
,,,,,,
,,,,,,
,,,,,,
,,,,,,
,,,,,,
,,,,,,
,,,,,,
,,,,,,
,,,,,,
,,,,,,
,,,,,,
,,,,,,
,,,,,,
,,,,,,
,,,,,,
,,,,,,
,,,,,,
,,,,,,
,,,,,,
,,,,,,
,,,,,,
,,,,,,
,,,,,,
,,,,,,
,,,,,,
,,,,,,
,,,,,,
,,,,,,
,,,,,,
,,,,,,
,,,,,,
,,,,,,
,,,,,,
,,,,,,
,,,,,,
,,,,,,
,,,,,,
,,,,,,
,,,,,,
,,,,,,
,,,,,,
,,,,,,
,,,,,,
,,,,,,
,,,,,,
,,,,,,
,,,,,,
,,,,,,
,,,,,,
,,,,,,
,,,,,,
,,,,,,
,,,,,,
,,,,,,
,,,,,,
,,,,,,
,,,,,,
,,,,,,
,,,,,,
,,,,,,
,,,,,,
,,,,,,
,,,,,,
,,,,,,
,,,,,,
,,,,,,
,,,,,,
,,,,,,
,,,,,,
,,,,,,
,,,,,,
,,,,,,
,,,,,,
,,,,,,
,,,,,,
,,,,,,
,,,,,,
,,,,,,
,,,,,,
,,,,,,
,,,,,,
,,,,,,
,,,,,,
,,,,,,
,,,,,,
,,,,,,
,,,,,,
,,,,,,
,,,,,,
,,,,,,
,,,,,,
,,,,,,
,,,,,,
,,,,,,
,,,,,,
,,,,,,
,,,,,,
,,,,,,
,,,,,,
,,,,,,
,,,,,,
,,,,,,
,,,,,,
,,,,,,
,,,,,,
,,,,,,
,,,,,,
,,,,,,
,,,,,,
,,,,,,
,,,,,,
,,,,,,
,,,,,,
,,,,,,
,,,,,,
,,,,,,
,,,,,,
,,,,,,
,,,,,,
,,,,,,
,,,,,,
,,,,,,
,,,,,,
,,,,,,
,,,,,,
,,,,,,
,,,,,,
,,,,,,
,,,,,,
,,,,,,
,,,,,,
,,,,,,
,,,,,,
,,,,,,
,,,,,,
,,,,,,
,,,,,,
,,,,,,
,,,,,,
,,,,,,
,,,,,,
,,,,,,
,,,,,,
,,,,,,
,,,,,,
,,,,,,
,,,,,,
,,,,,,
,,,,,,
,,,,,,
,,,,,,
,,,,,,
,,,,,,
,,,,,,
,,,,,,
,,,,,,
,,,,,,
,,,,,,
,,,,,,
,,,,,,
,,,,,,
,,,,,,
,,,,,,
,,,,,,
,,,,,,
,,,,,,
,,,,,,
,,,,,,
,,,,,,
,,,,,,
,,,,,,
,,,,,,
,,,,,,
,,,,,,
,,,,,,
,,,,,,
,,,,,,
,,,,,,
,,,,,,
,,,,,,
,,,,,,
,,,,,,
,,,,,,
,,,,,,
,,,,,,
,,,,,,
,,,,,,
,,,,,,
,,,,,,
,,,,,,
,,,,,,
,,,,,,
,,,,,,
,,,,,,
,,,,,,
,,,,,,
,,,,,,
,,,,,,
,,,,,,
,,,,,,
,,,,,,
,,,,,,
,,,,,,
,,,,,,
,,,,,,
,,,,,,
,,,,,,
,,,,,,
,,,,,,
,,,,,,
,,,,,,
,,,,,,
,,,,,,
,,,,,,
,,,,,,
,,,,,,
,,,,,,
,,,,,,
,,,,,,
,,,,,,
,,,,,,
,,,,,,
,,,,,,
,,,,,,
,,,,,,
,,,,,,
,,,,,,
,,,,,,
,,,,,,
,,,,,,
,,,,,,
,,,,,,
,,,,,,
,,,,,,
,,,,,,
,,,,,,
,,,,,,
,,,,,,
,,,,,,
,,,,,,
,,,,,,
,,,,,,
,,,,,,
,,,,,,
,,,,,,
,,,,,,
,,,,,,
,,,,,,
,,,,,,
,,,,,,
,,,,,,
,,,,,,
,,,,,,
,,,,,,
,,,,,,
,,,,,,
,,,,,,
,,,,,,
,,,,,,
,,,,,,
,,,,,,
,,,,,,
,,,,,,
,,,,,,
,,,,,,
,,,,,,
,,,,,,
,,,,,,
,,,,,,
,,,,,,
